record_id_1,source_1,record_id_2,source_2,vendor_id
C-000001,C,A-000001,A,V000001
A-000002,A,B-000002,B,V000002
A-000002,A,C-000002,C,V000002
B-000002,B,C-000002,C,V000002
C-000003,C,A-000003,A,V000004
A-000004,A,C-000004,C,V000005
A-000005,A,B-000005,B,V000007
C-000005,C,A-000006,A,V000008
A-000008,A,B-000007,B,V000011
A-000008,A,C-000006,C,V000011
B-000007,B,C-000006,C,V000011
C-000007,C,A-000009,A,V000012
A-000013,A,B-000010,B,V000019
A-000013,A,C-000009,C,V000019
B-000010,B,C-000009,C,V000019
A-000014,A,B-000013,B,V000022
A-000014,A,C-000010,C,V000022
B-000013,B,C-000010,C,V000022
B-000014,B,A-000016,A,V000024
A-000017,A,B-000016,B,V000028
C-000013,C,A-000018,A,V000029
C-000014,C,B-000018,B,V000033
A-000022,A,B-000020,B,V000036
A-000022,A,C-000015,C,V000036
B-000020,B,C-000015,C,V000036
C-000016,C,A-000023,A,V000038
A-000024,A,B-000022,B,V000039
A-000024,A,C-000017,C,V000039
B-000022,B,C-000017,C,V000039
B-000023,B,A-000025,A,V000040
B-000026,B,A-000026,A,V000043
A-000029,A,B-000029,B,V000050
A-000029,A,C-000020,C,V000050
B-000029,B,C-000020,C,V000050
C-000022,C,B-000030,B,V000053
A-000031,A,B-000032,B,V000056
A-000031,A,C-000024,C,V000056
B-000032,B,C-000024,C,V000056
B-000033,B,C-000025,C,V000058
A-000034,A,B-000034,B,V000060
A-000034,A,C-000026,C,V000060
B-000034,B,C-000026,C,V000060
A-000035,A,B-000036,B,V000062
A-000035,A,C-000027,C,V000062
B-000036,B,C-000027,C,V000062
A-000038,A,B-000037,B,V000065
A-000041,A,C-000032,C,V000075
A-000042,A,B-000042,B,V000077
A-000042,A,C-000033,C,V000077
B-000042,B,C-000033,C,V000077
C-000034,C,A-000043,A,V000079
A-000044,A,B-000044,B,V000082
A-000044,A,C-000037,C,V000082
B-000044,B,C-000037,C,V000082
A-000045,A,B-000046,B,V000084
A-000045,A,C-000038,C,V000084
B-000046,B,C-000038,C,V000084
C-000041,C,A-000046,A,V000087
A-000049,A,B-000049,B,V000093
A-000051,A,B-000050,B,V000095
A-000051,A,C-000043,C,V000095
B-000050,B,C-000043,C,V000095
C-000044,C,B-000051,B,V000096
B-000052,B,C-000045,C,V000097
A-000053,A,C-000046,C,V000102
C-000047,C,A-000055,A,V000104
C-000048,C,B-000057,B,V000106
A-000056,A,C-000049,C,V000107
C-000050,C,A-000057,A,V000108
A-000059,A,B-000058,B,V000111
A-000059,A,C-000052,C,V000111
B-000058,B,C-000052,C,V000111
A-000060,A,B-000060,B,V000113
A-000060,A,C-000053,C,V000113
B-000060,B,C-000053,C,V000113
C-000054,C,A-000061,A,V000114
A-000063,A,B-000061,B,V000117
A-000064,A,B-000062,B,V000118
C-000056,C,A-000065,A,V000121
A-000068,A,B-000065,B,V000124
A-000068,A,C-000057,C,V000124
B-000065,B,C-000057,C,V000124
A-000069,A,C-000058,C,V000125
A-000071,A,B-000066,B,V000128
A-000071,A,C-000060,C,V000128
B-000066,B,C-000060,C,V000128
C-000061,C,A-000072,A,V000129
B-000068,B,C-000062,C,V000131
C-000065,C,B-000071,B,V000137
B-000072,B,C-000066,C,V000138
C-000067,C,A-000074,A,V000139
A-000075,A,B-000073,B,V000140
A-000075,A,C-000068,C,V000140
B-000073,B,C-000068,C,V000140
B-000074,B,A-000076,A,V000141
B-000076,B,C-000071,C,V000145
A-000078,A,B-000078,B,V000150
A-000078,A,C-000074,C,V000150
B-000078,B,C-000074,C,V000150
B-000081,B,C-000075,C,V000155
A-000081,A,C-000076,C,V000156
B-000082,B,A-000082,A,V000158
C-000078,C,B-000083,B,V000159
B-000087,B,C-000080,C,V000165
B-000088,B,A-000085,A,V000169
B-000089,B,C-000083,C,V000170
B-000090,B,A-000086,A,V000171
C-000084,C,B-000092,B,V000174
A-000088,A,C-000086,C,V000176
C-000087,C,A-000089,A,V000177
C-000088,C,A-000090,A,V000178
B-000094,B,C-000090,C,V000182
C-000091,C,B-000095,B,V000183
A-000092,A,B-000096,B,V000184
A-000092,A,C-000092,C,V000184
B-000096,B,C-000092,C,V000184
A-000093,A,B-000097,B,V000185
A-000093,A,C-000093,C,V000185
B-000097,B,C-000093,C,V000185
B-000098,B,A-000094,A,V000186
C-000094,C,B-000099,B,V000187
B-000100,B,A-000095,A,V000188
A-000096,A,B-000101,B,V000190
A-000096,A,C-000096,C,V000190
B-000101,B,C-000096,C,V000190
B-000102,B,A-000097,A,V000192
A-000098,A,B-000103,B,V000193
A-000098,A,C-000098,C,V000193
B-000103,B,C-000098,C,V000193
A-000099,A,B-000104,B,V000194
A-000099,A,C-000099,C,V000194
B-000104,B,C-000099,C,V000194
C-000101,C,B-000105,B,V000196
B-000106,B,C-000102,C,V000197
B-000107,B,A-000101,A,V000199
B-000109,B,C-000103,C,V000201
A-000104,A,C-000105,C,V000206
A-000105,A,B-000112,B,V000208
A-000105,A,C-000106,C,V000208
B-000112,B,C-000106,C,V000208
A-000106,A,B-000113,B,V000209
A-000106,A,C-000107,C,V000209
B-000113,B,C-000107,C,V000209
B-000114,B,A-000107,A,V000210
B-000116,B,C-000108,C,V000212
C-000109,C,A-000110,A,V000215
B-000117,B,C-000110,C,V000216
A-000111,A,B-000118,B,V000217
A-000111,A,C-000111,C,V000217
B-000118,B,C-000111,C,V000217
A-000112,A,C-000112,C,V000218
C-000113,C,B-000119,B,V000219
A-000113,A,B-000121,B,V000221
A-000113,A,C-000114,C,V000221
B-000121,B,C-000114,C,V000221
B-000122,B,C-000116,C,V000223
A-000114,A,B-000123,B,V000225
A-000114,A,C-000118,C,V000225
B-000123,B,C-000118,C,V000225
C-000119,C,A-000115,A,V000227
C-000120,C,B-000125,B,V000228
B-000126,B,A-000116,A,V000229
A-000117,A,B-000127,B,V000231
A-000117,A,C-000122,C,V000231
B-000127,B,C-000122,C,V000231
B-000128,B,C-000123,C,V000232
C-000124,C,B-000130,B,V000235
C-000125,C,B-000131,B,V000236
C-000126,C,A-000119,A,V000238
B-000133,B,A-000120,A,V000239
A-000123,A,B-000134,B,V000242
A-000123,A,C-000127,C,V000242
B-000134,B,C-000127,C,V000242
B-000135,B,C-000128,C,V000244
C-000129,C,A-000126,A,V000246
B-000136,B,A-000127,A,V000247
A-000129,A,B-000137,B,V000250
A-000130,A,B-000138,B,V000251
A-000130,A,C-000131,C,V000251
B-000138,B,C-000131,C,V000251
A-000131,A,B-000139,B,V000252
A-000131,A,C-000132,C,V000252
B-000139,B,C-000132,C,V000252
A-000132,A,B-000140,B,V000253
B-000141,B,C-000133,C,V000254
A-000133,A,C-000134,C,V000256
B-000143,B,A-000134,A,V000257
A-000135,A,C-000135,C,V000258
C-000136,C,A-000136,A,V000261
A-000137,A,B-000150,B,V000267
A-000137,A,C-000138,C,V000267
B-000150,B,C-000138,C,V000267
A-000138,A,C-000139,C,V000268
A-000139,A,B-000151,B,V000269
A-000139,A,C-000140,C,V000269
B-000151,B,C-000140,C,V000269
B-000152,B,C-000141,C,V000270
B-000154,B,C-000142,C,V000272
C-000144,C,A-000140,A,V000274
A-000141,A,B-000155,B,V000276
B-000156,B,A-000145,A,V000282
A-000146,A,C-000150,C,V000285
A-000147,A,C-000151,C,V000286
A-000148,A,B-000157,B,V000287
A-000148,A,C-000152,C,V000287
B-000157,B,C-000152,C,V000287
C-000154,C,A-000149,A,V000289
A-000150,A,B-000158,B,V000290
A-000150,A,C-000155,C,V000290
B-000158,B,C-000155,C,V000290
B-000159,B,C-000156,C,V000291
B-000160,B,C-000157,C,V000293
C-000158,C,B-000161,B,V000294
A-000154,A,B-000163,B,V000298
A-000154,A,C-000159,C,V000298
B-000163,B,C-000159,C,V000298
A-000157,A,B-000165,B,V000302
A-000158,A,C-000161,C,V000304
A-000159,A,B-000166,B,V000305
A-000159,A,C-000162,C,V000305
B-000166,B,C-000162,C,V000305
A-000160,A,C-000163,C,V000306
B-000167,B,A-000161,A,V000308
A-000162,A,B-000168,B,V000309
A-000162,A,C-000165,C,V000309
B-000168,B,C-000165,C,V000309
B-000169,B,A-000164,A,V000312
B-000170,B,A-000165,A,V000313
A-000166,A,C-000167,C,V000316
B-000173,B,A-000167,A,V000318
B-000174,B,C-000169,C,V000319
B-000175,B,A-000168,A,V000320
C-000170,C,A-000169,A,V000321
B-000178,B,A-000170,A,V000324
A-000172,A,B-000179,B,V000326
A-000172,A,C-000171,C,V000326
B-000179,B,C-000171,C,V000326
B-000180,B,C-000172,C,V000327
A-000173,A,B-000181,B,V000328
A-000173,A,C-000173,C,V000328
B-000181,B,C-000173,C,V000328
B-000182,B,C-000174,C,V000329
B-000184,B,C-000178,C,V000336
A-000176,A,B-000185,B,V000337
A-000176,A,C-000179,C,V000337
B-000185,B,C-000179,C,V000337
B-000187,B,A-000178,A,V000342
A-000179,A,C-000182,C,V000343
A-000182,A,C-000185,C,V000348
B-000188,B,A-000183,A,V000349
A-000185,A,C-000186,C,V000351
A-000186,A,C-000188,C,V000353
B-000189,B,C-000189,C,V000354
C-000190,C,B-000190,B,V000355
A-000187,A,B-000191,B,V000357
A-000188,A,C-000192,C,V000358
B-000192,B,A-000189,A,V000359
A-000191,A,B-000193,B,V000361
B-000194,B,A-000192,A,V000362
A-000193,A,B-000195,B,V000363
A-000193,A,C-000193,C,V000363
B-000195,B,C-000193,C,V000363
C-000194,C,B-000196,B,V000365
A-000195,A,B-000197,B,V000366
C-000195,C,B-000198,B,V000369
A-000198,A,C-000196,C,V000371
C-000197,C,B-000200,B,V000372
A-000200,A,C-000198,C,V000374
C-000199,C,A-000201,A,V000375
B-000201,B,C-000200,C,V000376
A-000203,A,B-000202,B,V000379
A-000203,A,C-000202,C,V000379
B-000202,B,C-000202,C,V000379
A-000204,A,B-000203,B,V000380
A-000204,A,C-000203,C,V000380
B-000203,B,C-000203,C,V000380
C-000204,C,A-000205,A,V000381
B-000204,B,A-000206,A,V000383
B-000205,B,C-000206,C,V000385
A-000208,A,B-000206,B,V000387
A-000208,A,C-000208,C,V000387
B-000206,B,C-000208,C,V000387
B-000209,B,A-000209,A,V000391
A-000211,A,B-000210,B,V000393
A-000211,A,C-000210,C,V000393
B-000210,B,C-000210,C,V000393
C-000211,C,B-000211,B,V000397
B-000212,B,A-000215,A,V000399
B-000213,B,A-000216,A,V000400
C-000216,C,B-000217,B,V000409
A-000219,A,B-000218,B,V000410
A-000219,A,C-000217,C,V000410
B-000218,B,C-000217,C,V000410
A-000223,A,B-000220,B,V000416
C-000219,C,A-000224,A,V000417
C-000220,C,A-000225,A,V000418
B-000221,B,C-000222,C,V000421
A-000227,A,C-000223,C,V000423
A-000228,A,B-000223,B,V000426
A-000228,A,C-000226,C,V000426
B-000223,B,C-000226,C,V000426
A-000229,A,B-000224,B,V000427
A-000229,A,C-000227,C,V000427
B-000224,B,C-000227,C,V000427
A-000230,A,B-000225,B,V000428
A-000230,A,C-000228,C,V000428
B-000225,B,C-000228,C,V000428
C-000229,C,A-000232,A,V000431
B-000228,B,C-000231,C,V000434
C-000233,C,B-000229,B,V000436
A-000233,A,B-000230,B,V000437
A-000233,A,C-000234,C,V000437
B-000230,B,C-000234,C,V000437
A-000235,A,B-000232,B,V000443
A-000237,A,B-000233,B,V000445
A-000237,A,C-000238,C,V000445
B-000233,B,C-000238,C,V000445
C-000239,C,A-000238,A,V000447
A-000239,A,B-000235,B,V000448
A-000239,A,C-000240,C,V000448
B-000235,B,C-000240,C,V000448
C-000242,C,A-000241,A,V000452
A-000242,A,B-000237,B,V000453
A-000243,A,B-000238,B,V000454
A-000244,A,B-000239,B,V000455
A-000244,A,C-000243,C,V000455
B-000239,B,C-000243,C,V000455
C-000244,C,A-000247,A,V000459
A-000248,A,C-000245,C,V000460
A-000249,A,B-000241,B,V000461
A-000249,A,C-000246,C,V000461
B-000241,B,C-000246,C,V000461
C-000247,C,A-000251,A,V000463
A-000252,A,B-000242,B,V000464
B-000246,B,C-000249,C,V000470
C-000250,C,A-000254,A,V000472
A-000255,A,B-000250,B,V000475
A-000255,A,C-000251,C,V000475
B-000250,B,C-000251,C,V000475
A-000259,A,B-000253,B,V000482
A-000259,A,C-000253,C,V000482
B-000253,B,C-000253,C,V000482
C-000255,C,B-000255,B,V000488
B-000257,B,C-000256,C,V000490
C-000257,C,B-000258,B,V000491
A-000263,A,B-000262,B,V000496
A-000263,A,C-000259,C,V000496
B-000262,B,C-000259,C,V000496
A-000264,A,C-000260,C,V000497
A-000265,A,B-000264,B,V000499
A-000265,A,C-000261,C,V000499
B-000264,B,C-000261,C,V000499
A-000266,A,B-000265,B,V000500
C-000262,C,A-000268,A,V000502
B-000267,B,C-000263,C,V000505
A-000271,A,B-000268,B,V000507
A-000272,A,B-000269,B,V000508
A-000272,A,C-000264,C,V000508
B-000269,B,C-000264,C,V000508
A-000275,A,B-000271,B,V000512
A-000275,A,C-000265,C,V000512
B-000271,B,C-000265,C,V000512
B-000273,B,C-000266,C,V000514
A-000276,A,B-000275,B,V000519
A-000276,A,C-000270,C,V000519
B-000275,B,C-000270,C,V000519
C-000271,C,A-000277,A,V000520
C-000272,C,B-000276,B,V000521
A-000279,A,C-000273,C,V000523
A-000280,A,B-000277,B,V000524
B-000278,B,C-000275,C,V000526
A-000282,A,C-000276,C,V000528
B-000279,B,A-000283,A,V000529
C-000278,C,A-000284,A,V000531
A-000285,A,B-000280,B,V000532
A-000285,A,C-000279,C,V000532
B-000280,B,C-000279,C,V000532
A-000287,A,B-000282,B,V000536
A-000287,A,C-000281,C,V000536
B-000282,B,C-000281,C,V000536
B-000283,B,C-000282,C,V000538
A-000290,A,B-000286,B,V000542
A-000290,A,C-000283,C,V000542
B-000286,B,C-000283,C,V000542
A-000291,A,B-000287,B,V000544
A-000291,A,C-000285,C,V000544
B-000287,B,C-000285,C,V000544
B-000288,B,C-000286,C,V000545
A-000292,A,B-000289,B,V000547
A-000292,A,C-000288,C,V000547
B-000289,B,C-000288,C,V000547
A-000293,A,C-000290,C,V000550
A-000294,A,B-000291,B,V000552
A-000294,A,C-000292,C,V000552
B-000291,B,C-000292,C,V000552
A-000295,A,C-000294,C,V000554
A-000296,A,C-000297,C,V000558
B-000296,B,C-000298,C,V000562
B-000297,B,A-000297,A,V000563
A-000299,A,B-000299,B,V000566
A-000299,A,C-000299,C,V000566
B-000299,B,C-000299,C,V000566
B-000300,B,A-000300,A,V000567
B-000301,B,C-000300,C,V000568
A-000301,A,C-000302,C,V000570
B-000302,B,A-000302,A,V000571
B-000303,B,C-000303,C,V000572
B-000304,B,C-000304,C,V000573
A-000303,A,B-000305,B,V000574
A-000303,A,C-000305,C,V000574
B-000305,B,C-000305,C,V000574
B-000306,B,A-000304,A,V000575
A-000305,A,C-000306,C,V000576
A-000306,A,B-000308,B,V000578
A-000306,A,C-000307,C,V000578
B-000308,B,C-000307,C,V000578
A-000310,A,B-000312,B,V000586
A-000311,A,B-000313,B,V000587
A-000311,A,C-000309,C,V000587
B-000313,B,C-000309,C,V000587
C-000310,C,B-000314,B,V000588
A-000312,A,B-000315,B,V000590
A-000313,A,C-000312,C,V000591
B-000317,B,C-000313,C,V000593
A-000314,A,B-000318,B,V000594
A-000314,A,C-000314,C,V000594
B-000318,B,C-000314,C,V000594
C-000315,C,A-000317,A,V000597
A-000320,A,B-000319,B,V000600
A-000320,A,C-000316,C,V000600
B-000319,B,C-000316,C,V000600
A-000321,A,B-000321,B,V000602
A-000322,A,B-000322,B,V000603
A-000322,A,C-000317,C,V000603
B-000322,B,C-000317,C,V000603
B-000323,B,A-000323,A,V000604
A-000324,A,C-000318,C,V000605
A-000329,A,C-000320,C,V000612
A-000331,A,C-000322,C,V000617
A-000332,A,B-000327,B,V000618
A-000332,A,C-000323,C,V000618
B-000327,B,C-000323,C,V000618
B-000329,B,C-000324,C,V000622
C-000326,C,A-000335,A,V000624
C-000328,C,A-000337,A,V000627
B-000330,B,A-000338,A,V000628
A-000339,A,B-000331,B,V000629
A-000339,A,C-000329,C,V000629
B-000331,B,C-000329,C,V000629
A-000341,A,B-000332,B,V000632
A-000341,A,C-000331,C,V000632
B-000332,B,C-000331,C,V000632
A-000342,A,B-000333,B,V000633
A-000342,A,C-000332,C,V000633
B-000333,B,C-000332,C,V000633
B-000334,B,A-000343,A,V000635
A-000344,A,B-000336,B,V000637
A-000344,A,C-000334,C,V000637
B-000336,B,C-000334,C,V000637
B-000337,B,A-000346,A,V000640
C-000337,C,A-000347,A,V000643
A-000349,A,B-000344,B,V000651
A-000349,A,C-000339,C,V000651
B-000344,B,C-000339,C,V000651
C-000340,C,B-000345,B,V000652
A-000351,A,C-000343,C,V000656
A-000352,A,C-000344,C,V000658
B-000347,B,A-000354,A,V000661
B-000349,B,C-000346,C,V000663
C-000347,C,B-000350,B,V000664
B-000351,B,C-000349,C,V000666
A-000356,A,C-000350,C,V000668
A-000360,A,B-000353,B,V000674
A-000360,A,C-000352,C,V000674
B-000353,B,C-000352,C,V000674
A-000361,A,C-000354,C,V000677
C-000355,C,B-000355,B,V000678
A-000362,A,B-000356,B,V000679
B-000357,B,C-000356,C,V000680
A-000364,A,B-000358,B,V000683
A-000364,A,C-000358,C,V000683
B-000358,B,C-000358,C,V000683
A-000365,A,B-000359,B,V000684
A-000365,A,C-000359,C,V000684
B-000359,B,C-000359,C,V000684
B-000362,B,A-000367,A,V000689
B-000364,B,C-000361,C,V000693
A-000371,A,B-000366,B,V000697
A-000371,A,C-000363,C,V000697
B-000366,B,C-000363,C,V000697
B-000367,B,C-000364,C,V000698
A-000373,A,B-000368,B,V000700
C-000366,C,B-000369,B,V000702
A-000375,A,C-000367,C,V000706
C-000368,C,A-000376,A,V000707
A-000377,A,B-000372,B,V000708
A-000377,A,C-000369,C,V000708
B-000372,B,C-000369,C,V000708
A-000379,A,B-000375,B,V000713
A-000379,A,C-000371,C,V000713
B-000375,B,C-000371,C,V000713
B-000376,B,C-000372,C,V000714
B-000378,B,C-000373,C,V000716
B-000379,B,A-000380,A,V000717
A-000381,A,C-000374,C,V000718
C-000376,C,B-000380,B,V000720
A-000382,A,C-000378,C,V000724
A-000385,A,C-000380,C,V000728
B-000383,B,A-000386,A,V000729
C-000381,C,B-000384,B,V000730
C-000382,C,B-000386,B,V000732
A-000387,A,C-000386,C,V000738
C-000387,C,A-000388,A,V000739
A-000389,A,B-000389,B,V000740
A-000390,A,B-000390,B,V000743
A-000390,A,C-000390,C,V000743
B-000390,B,C-000390,C,V000743
A-000391,A,B-000391,B,V000744
A-000391,A,C-000391,C,V000744
B-000391,B,C-000391,C,V000744
A-000392,A,B-000392,B,V000745
A-000392,A,C-000392,C,V000745
B-000392,B,C-000392,C,V000745
A-000393,A,C-000393,C,V000746
B-000393,B,C-000395,C,V000749
B-000394,B,C-000396,C,V000751
C-000397,C,A-000396,A,V000752
A-000399,A,B-000396,B,V000758
A-000399,A,C-000400,C,V000758
B-000396,B,C-000400,C,V000758
B-000399,B,A-000401,A,V000762
A-000402,A,B-000400,B,V000763
A-000403,A,C-000401,C,V000764
A-000404,A,B-000402,B,V000766
A-000404,A,C-000402,C,V000766
B-000402,B,C-000402,C,V000766
A-000405,A,B-000403,B,V000767
A-000405,A,C-000403,C,V000767
B-000403,B,C-000403,C,V000767
A-000406,A,B-000405,B,V000769
A-000407,A,B-000406,B,V000770
A-000407,A,C-000404,C,V000770
B-000406,B,C-000404,C,V000770
A-000408,A,C-000405,C,V000771
A-000410,A,B-000407,B,V000775
A-000410,A,C-000408,C,V000775
B-000407,B,C-000408,C,V000775
A-000411,A,B-000408,B,V000776
A-000411,A,C-000409,C,V000776
B-000408,B,C-000409,C,V000776
B-000409,B,C-000410,C,V000779
C-000411,C,B-000410,B,V000780
C-000412,C,A-000414,A,V000781
A-000415,A,B-000411,B,V000782
A-000415,A,C-000413,C,V000782
B-000411,B,C-000413,C,V000782
A-000417,A,B-000414,B,V000786
A-000417,A,C-000414,C,V000786
B-000414,B,C-000414,C,V000786
A-000420,A,B-000416,B,V000791
A-000420,A,C-000416,C,V000791
B-000416,B,C-000416,C,V000791
A-000421,A,B-000417,B,V000792
A-000421,A,C-000417,C,V000792
B-000417,B,C-000417,C,V000792
A-000422,A,B-000418,B,V000793
A-000422,A,C-000418,C,V000793
B-000418,B,C-000418,C,V000793
A-000423,A,C-000422,C,V000798
A-000425,A,B-000421,B,V000803
A-000425,A,C-000425,C,V000803
B-000421,B,C-000425,C,V000803
A-000426,A,B-000423,B,V000805
A-000426,A,C-000426,C,V000805
B-000423,B,C-000426,C,V000805
A-000427,A,B-000424,B,V000806
A-000427,A,C-000427,C,V000806
B-000424,B,C-000427,C,V000806
A-000430,A,B-000425,B,V000809
A-000430,A,C-000428,C,V000809
B-000425,B,C-000428,C,V000809
C-000429,C,B-000426,B,V000810
B-000427,B,A-000431,A,V000811
B-000428,B,C-000430,C,V000812
B-000429,B,C-000431,C,V000813
A-000432,A,B-000430,B,V000814
A-000432,A,C-000432,C,V000814
B-000430,B,C-000432,C,V000814
A-000433,A,B-000431,B,V000815
C-000434,C,B-000433,B,V000818
C-000435,C,A-000435,A,V000820
C-000436,C,A-000436,A,V000821
B-000434,B,A-000438,A,V000823
C-000438,C,B-000435,B,V000826
B-000436,B,C-000439,C,V000827
B-000437,B,C-000441,C,V000830
A-000441,A,B-000440,B,V000833
A-000441,A,C-000442,C,V000833
B-000440,B,C-000442,C,V000833
A-000442,A,B-000441,B,V000834
A-000442,A,C-000443,C,V000834
B-000441,B,C-000443,C,V000834
A-000443,A,B-000442,B,V000835
A-000443,A,C-000444,C,V000835
B-000442,B,C-000444,C,V000835
A-000445,A,B-000443,B,V000837
A-000445,A,C-000445,C,V000837
B-000443,B,C-000445,C,V000837
C-000446,C,A-000446,A,V000838
A-000447,A,B-000444,B,V000839
A-000447,A,C-000447,C,V000839
B-000444,B,C-000447,C,V000839
A-000448,A,B-000445,B,V000840
A-000448,A,C-000448,C,V000840
B-000445,B,C-000448,C,V000840
A-000449,A,B-000446,B,V000842
A-000449,A,C-000450,C,V000842
B-000446,B,C-000450,C,V000842
B-000450,B,A-000450,A,V000849
A-000452,A,B-000454,B,V000854
A-000452,A,C-000454,C,V000854
B-000454,B,C-000454,C,V000854
B-000455,B,A-000453,A,V000855
A-000454,A,B-000457,B,V000857
A-000455,A,B-000458,B,V000858
A-000455,A,C-000455,C,V000858
B-000458,B,C-000455,C,V000858
A-000456,A,B-000460,B,V000860
A-000456,A,C-000456,C,V000860
B-000460,B,C-000456,C,V000860
A-000457,A,C-000458,C,V000862
A-000458,A,B-000462,B,V000864
A-000458,A,C-000459,C,V000864
B-000462,B,C-000459,C,V000864
C-000460,C,B-000463,B,V000866
B-000464,B,A-000460,A,V000867
A-000463,A,B-000466,B,V000871
A-000463,A,C-000461,C,V000871
B-000466,B,C-000461,C,V000871
A-000464,A,B-000467,B,V000872
A-000464,A,C-000462,C,V000872
B-000467,B,C-000462,C,V000872
A-000465,A,B-000468,B,V000873
A-000465,A,C-000463,C,V000873
B-000468,B,C-000463,C,V000873
C-000464,C,A-000466,A,V000874
B-000469,B,C-000466,C,V000876
A-000467,A,C-000467,C,V000877
B-000470,B,A-000468,A,V000878
A-000469,A,B-000472,B,V000880
A-000469,A,C-000468,C,V000880
B-000472,B,C-000468,C,V000880
B-000474,B,A-000470,A,V000882
B-000477,B,C-000469,C,V000886
A-000472,A,B-000478,B,V000887
A-000472,A,C-000470,C,V000887
B-000478,B,C-000470,C,V000887
A-000473,A,B-000481,B,V000890
A-000473,A,C-000471,C,V000890
B-000481,B,C-000471,C,V000890
A-000474,A,B-000483,B,V000892
A-000477,A,B-000488,B,V000899
A-000477,A,C-000472,C,V000899
B-000488,B,C-000472,C,V000899
B-000489,B,C-000473,C,V000900
A-000478,A,B-000490,B,V000902
A-000478,A,C-000475,C,V000902
B-000490,B,C-000475,C,V000902
B-000492,B,A-000481,A,V000906
A-000482,A,C-000476,C,V000907
B-000494,B,A-000484,A,V000910
A-000485,A,B-000496,B,V000913
B-000497,B,C-000479,C,V000916
A-000487,A,B-000498,B,V000917
A-000488,A,B-000499,B,V000918
A-000488,A,C-000480,C,V000918
B-000499,B,C-000480,C,V000918
B-000500,B,C-000481,C,V000919
A-000489,A,B-000501,B,V000920
A-000489,A,C-000482,C,V000920
B-000501,B,C-000482,C,V000920
A-000490,A,B-000502,B,V000921
A-000490,A,C-000483,C,V000921
B-000502,B,C-000483,C,V000921
A-000491,A,B-000503,B,V000922
A-000491,A,C-000484,C,V000922
B-000503,B,C-000484,C,V000922
A-000492,A,C-000485,C,V000923
A-000493,A,B-000504,B,V000924
A-000493,A,C-000486,C,V000924
B-000504,B,C-000486,C,V000924
B-000505,B,C-000487,C,V000925
C-000488,C,A-000494,A,V000926
A-000496,A,B-000507,B,V000930
A-000496,A,C-000490,C,V000930
B-000507,B,C-000490,C,V000930
A-000497,A,B-000508,B,V000931
A-000497,A,C-000491,C,V000931
B-000508,B,C-000491,C,V000931
B-000512,B,A-000499,A,V000937
C-000493,C,A-000501,A,V000939
A-000502,A,B-000514,B,V000942
C-000495,C,A-000503,A,V000943
C-000497,C,A-000504,A,V000947
A-000505,A,B-000517,B,V000948
A-000505,A,C-000498,C,V000948
B-000517,B,C-000498,C,V000948
A-000507,A,B-000519,B,V000952
A-000507,A,C-000500,C,V000952
B-000519,B,C-000500,C,V000952
A-000509,A,B-000520,B,V000954
A-000509,A,C-000501,C,V000954
B-000520,B,C-000501,C,V000954
B-000521,B,A-000510,A,V000955
C-000502,C,A-000511,A,V000957
A-000512,A,B-000523,B,V000958
A-000512,A,C-000503,C,V000958
B-000523,B,C-000503,C,V000958
B-000524,B,C-000506,C,V000962
A-000515,A,C-000507,C,V000964
B-000525,B,A-000516,A,V000965
B-000526,B,A-000517,A,V000966
C-000510,C,B-000527,B,V000969
B-000528,B,C-000511,C,V000970
A-000518,A,B-000529,B,V000971
A-000518,A,C-000512,C,V000971
B-000529,B,C-000512,C,V000971
A-000519,A,B-000530,B,V000972
A-000519,A,C-000513,C,V000972
B-000530,B,C-000513,C,V000972
B-000532,B,C-000517,C,V000979
A-000522,A,B-000533,B,V000980
A-000522,A,C-000518,C,V000980
B-000533,B,C-000518,C,V000980
A-000523,A,B-000534,B,V000981
A-000523,A,C-000519,C,V000981
B-000534,B,C-000519,C,V000981
B-000535,B,C-000520,C,V000982
C-000521,C,B-000536,B,V000983
C-000522,C,B-000537,B,V000984
A-000524,A,C-000523,C,V000985
A-000527,A,C-000524,C,V000988
A-000529,A,B-000538,B,V000992
A-000529,A,C-000527,C,V000992
B-000538,B,C-000527,C,V000992
A-000532,A,B-000541,B,V000997
A-000532,A,C-000528,C,V000997
B-000541,B,C-000528,C,V000997
B-000542,B,C-000529,C,V000998
A-000533,A,B-000544,B,V001000
B-000545,B,A-000534,A,V001001
C-000530,C,B-000546,B,V001003
A-000536,A,B-000547,B,V001004
A-000536,A,C-000531,C,V001004
B-000547,B,C-000531,C,V001004
C-000532,C,B-000548,B,V001005
C-000534,C,B-000550,B,V001008
C-000535,C,A-000538,A,V001011
A-000539,A,B-000553,B,V001015
A-000539,A,C-000538,C,V001015
B-000553,B,C-000538,C,V001015
C-000540,C,B-000555,B,V001021
A-000543,A,B-000556,B,V001022
A-000543,A,C-000541,C,V001022
B-000556,B,C-000541,C,V001022
A-000544,A,B-000557,B,V001023
A-000544,A,C-000542,C,V001023
B-000557,B,C-000542,C,V001023
B-000558,B,A-000545,A,V001024
A-000546,A,B-000559,B,V001025
A-000546,A,C-000543,C,V001025
B-000559,B,C-000543,C,V001025
B-000560,B,C-000544,C,V001026
C-000545,C,B-000561,B,V001027
A-000547,A,C-000546,C,V001028
A-000549,A,B-000565,B,V001034
A-000549,A,C-000548,C,V001034
B-000565,B,C-000548,C,V001034
A-000552,A,B-000566,B,V001037
A-000552,A,C-000549,C,V001037
B-000566,B,C-000549,C,V001037
A-000556,A,C-000551,C,V001043
A-000557,A,B-000569,B,V001045
A-000558,A,B-000570,B,V001046
A-000558,A,C-000552,C,V001046
B-000570,B,C-000552,C,V001046
A-000559,A,B-000571,B,V001047
A-000559,A,C-000553,C,V001047
B-000571,B,C-000553,C,V001047
A-000560,A,B-000572,B,V001048
A-000560,A,C-000554,C,V001048
B-000572,B,C-000554,C,V001048
A-000561,A,C-000555,C,V001049
A-000562,A,B-000573,B,V001050
A-000562,A,C-000556,C,V001050
B-000573,B,C-000556,C,V001050
A-000563,A,B-000575,B,V001052
A-000563,A,C-000557,C,V001052
B-000575,B,C-000557,C,V001052
A-000564,A,C-000558,C,V001053
A-000565,A,C-000559,C,V001054
A-000567,A,B-000576,B,V001056
A-000567,A,C-000560,C,V001056
B-000576,B,C-000560,C,V001056
A-000568,A,B-000577,B,V001057
A-000568,A,C-000561,C,V001057
B-000577,B,C-000561,C,V001057
C-000562,C,B-000579,B,V001059
A-000569,A,C-000563,C,V001060
B-000580,B,A-000570,A,V001061
A-000572,A,C-000564,C,V001064
B-000582,B,C-000565,C,V001065
B-000584,B,C-000566,C,V001068
A-000574,A,C-000567,C,V001069
C-000568,C,B-000585,B,V001070
A-000575,A,B-000586,B,V001071
A-000576,A,B-000588,B,V001073
A-000576,A,C-000569,C,V001073
B-000588,B,C-000569,C,V001073
A-000577,A,B-000589,B,V001074
A-000577,A,C-000570,C,V001074
B-000589,B,C-000570,C,V001074
C-000572,C,A-000580,A,V001078
C-000573,C,A-000582,A,V001082
A-000583,A,B-000592,B,V001083
A-000583,A,C-000574,C,V001083
B-000592,B,C-000574,C,V001083
A-000584,A,B-000593,B,V001085
A-000584,A,C-000576,C,V001085
B-000593,B,C-000576,C,V001085
C-000577,C,B-000594,B,V001086
B-000595,B,C-000579,C,V001088
A-000585,A,B-000596,B,V001089
A-000585,A,C-000580,C,V001089
B-000596,B,C-000580,C,V001089
A-000586,A,B-000598,B,V001091
A-000586,A,C-000581,C,V001091
B-000598,B,C-000581,C,V001091
A-000587,A,B-000599,B,V001092
A-000589,A,B-000600,B,V001094
A-000589,A,C-000582,C,V001094
B-000600,B,C-000582,C,V001094
C-000583,C,B-000601,B,V001095
C-000584,C,B-000602,B,V001096
B-000603,B,A-000590,A,V001097
A-000591,A,B-000605,B,V001100
C-000587,C,B-000606,B,V001102
A-000592,A,C-000588,C,V001103
A-000593,A,B-000607,B,V001105
C-000590,C,A-000594,A,V001106
B-000608,B,C-000591,C,V001107
B-000609,B,A-000595,A,V001108
A-000596,A,B-000610,B,V001110
A-000596,A,C-000593,C,V001110
B-000610,B,C-000593,C,V001110
B-000611,B,C-000595,C,V001112
A-000597,A,B-000612,B,V001113
A-000597,A,C-000596,C,V001113
B-000612,B,C-000596,C,V001113
C-000597,C,A-000598,A,V001114
C-000598,C,A-000599,A,V001116
C-000599,C,A-000600,A,V001117
B-000614,B,C-000601,C,V001119
B-000617,B,C-000605,C,V001127
C-000606,C,B-000618,B,V001128
A-000603,A,B-000619,B,V001129
A-000603,A,C-000607,C,V001129
B-000619,B,C-000607,C,V001129
B-000620,B,C-000608,C,V001130
A-000604,A,C-000609,C,V001131
C-000612,C,B-000622,B,V001137
A-000607,A,B-000623,B,V001138
A-000607,A,C-000613,C,V001138
B-000623,B,C-000613,C,V001138
A-000608,A,C-000614,C,V001141
A-000609,A,B-000627,B,V001143
A-000609,A,C-000615,C,V001143
B-000627,B,C-000615,C,V001143
A-000611,A,B-000630,B,V001148
A-000611,A,C-000617,C,V001148
B-000630,B,C-000617,C,V001148
A-000614,A,B-000631,B,V001152
A-000614,A,C-000619,C,V001152
B-000631,B,C-000619,C,V001152
A-000615,A,B-000633,B,V001155
A-000615,A,C-000621,C,V001155
B-000633,B,C-000621,C,V001155
B-000634,B,A-000616,A,V001156
C-000622,C,B-000635,B,V001157
C-000623,C,B-000636,B,V001158
B-000637,B,C-000626,C,V001161
A-000618,A,B-000639,B,V001164
A-000618,A,C-000627,C,V001164
B-000639,B,C-000627,C,V001164
A-000619,A,B-000640,B,V001165
A-000619,A,C-000628,C,V001165
B-000640,B,C-000628,C,V001165
C-000629,C,A-000620,A,V001166
A-000621,A,B-000641,B,V001167
A-000621,A,C-000630,C,V001167
B-000641,B,C-000630,C,V001167
C-000631,C,B-000642,B,V001168
A-000622,A,C-000632,C,V001169
A-000624,A,B-000643,B,V001172
A-000624,A,C-000634,C,V001172
B-000643,B,C-000634,C,V001172
C-000637,C,B-000645,B,V001179
B-000646,B,A-000628,A,V001181
A-000632,A,B-000650,B,V001189
A-000633,A,B-000651,B,V001190
A-000633,A,C-000640,C,V001190
B-000651,B,C-000640,C,V001190
A-000634,A,B-000652,B,V001191
C-000642,C,A-000638,A,V001198
A-000642,A,B-000657,B,V001205
A-000642,A,C-000644,C,V001205
B-000657,B,C-000644,C,V001205
A-000643,A,B-000658,B,V001207
A-000643,A,C-000646,C,V001207
B-000658,B,C-000646,C,V001207
A-000644,A,C-000647,C,V001208
C-000649,C,B-000660,B,V001213
A-000647,A,B-000661,B,V001214
A-000647,A,C-000650,C,V001214
B-000661,B,C-000650,C,V001214
A-000648,A,C-000651,C,V001215
C-000652,C,B-000662,B,V001216
A-000649,A,C-000653,C,V001217
B-000665,B,C-000654,C,V001220
A-000650,A,B-000666,B,V001221
A-000652,A,B-000668,B,V001225
A-000653,A,B-000669,B,V001226
A-000653,A,C-000656,C,V001226
B-000669,B,C-000656,C,V001226
A-000654,A,B-000670,B,V001228
A-000654,A,C-000658,C,V001228
B-000670,B,C-000658,C,V001228
A-000655,A,B-000671,B,V001230
A-000655,A,C-000660,C,V001230
B-000671,B,C-000660,C,V001230
C-000661,C,B-000672,B,V001231
A-000656,A,B-000673,B,V001233
A-000656,A,C-000663,C,V001233
B-000673,B,C-000663,C,V001233
A-000657,A,B-000675,B,V001235
A-000657,A,C-000664,C,V001235
B-000675,B,C-000664,C,V001235
A-000659,A,C-000666,C,V001238
B-000676,B,C-000667,C,V001239
C-000668,C,A-000660,A,V001240
C-000669,C,A-000661,A,V001241
B-000678,B,C-000671,C,V001245
A-000663,A,B-000679,B,V001247
A-000663,A,C-000673,C,V001247
B-000679,B,C-000673,C,V001247
A-000664,A,B-000681,B,V001249
A-000664,A,C-000674,C,V001249
B-000681,B,C-000674,C,V001249
B-000682,B,C-000675,C,V001251
C-000677,C,A-000666,A,V001253
A-000667,A,B-000684,B,V001255
A-000667,A,C-000678,C,V001255
B-000684,B,C-000678,C,V001255
A-000668,A,B-000686,B,V001257
A-000668,A,C-000679,C,V001257
B-000686,B,C-000679,C,V001257
A-000669,A,C-000680,C,V001258
B-000688,B,A-000670,A,V001261
C-000682,C,A-000671,A,V001262
A-000673,A,B-000689,B,V001264
A-000674,A,B-000690,B,V001265
A-000674,A,C-000683,C,V001265
B-000690,B,C-000683,C,V001265
A-000675,A,B-000691,B,V001266
A-000675,A,C-000684,C,V001266
B-000691,B,C-000684,C,V001266
A-000676,A,B-000692,B,V001267
A-000676,A,C-000685,C,V001267
B-000692,B,C-000685,C,V001267
B-000693,B,A-000677,A,V001268
A-000678,A,B-000694,B,V001269
B-000695,B,A-000679,A,V001270
A-000680,A,B-000696,B,V001271
A-000680,A,C-000686,C,V001271
B-000696,B,C-000686,C,V001271
C-000687,C,A-000681,A,V001272
A-000682,A,B-000697,B,V001273
A-000682,A,C-000688,C,V001273
B-000697,B,C-000688,C,V001273
A-000684,A,B-000700,B,V001278
A-000684,A,C-000690,C,V001278
B-000700,B,C-000690,C,V001278
A-000685,A,B-000702,B,V001280
A-000685,A,C-000691,C,V001280
B-000702,B,C-000691,C,V001280
C-000693,C,A-000687,A,V001284
A-000688,A,B-000704,B,V001285
A-000688,A,C-000694,C,V001285
B-000704,B,C-000694,C,V001285
A-000690,A,B-000705,B,V001287
A-000690,A,C-000695,C,V001287
B-000705,B,C-000695,C,V001287
A-000691,A,B-000707,B,V001290
C-000697,C,B-000708,B,V001292
A-000693,A,C-000698,C,V001293
B-000710,B,A-000694,A,V001295
A-000695,A,B-000711,B,V001296
A-000695,A,C-000699,C,V001296
B-000711,B,C-000699,C,V001296
C-000700,C,B-000712,B,V001297
C-000701,C,B-000713,B,V001298
A-000696,A,C-000702,C,V001299
A-000697,A,B-000714,B,V001300
A-000697,A,C-000703,C,V001300
B-000714,B,C-000703,C,V001300
A-000699,A,C-000706,C,V001305
C-000707,C,A-000700,A,V001306
A-000701,A,C-000709,C,V001309
C-000710,C,A-000702,A,V001311
B-000718,B,C-000712,C,V001313
A-000703,A,C-000713,C,V001314
A-000705,A,B-000719,B,V001317
A-000705,A,C-000715,C,V001317
B-000719,B,C-000715,C,V001317
C-000718,C,B-000722,B,V001324
A-000708,A,B-000723,B,V001326
A-000710,A,C-000721,C,V001330
A-000711,A,B-000725,B,V001332
A-000711,A,C-000723,C,V001332
B-000725,B,C-000723,C,V001332
A-000713,A,B-000726,B,V001334
A-000713,A,C-000724,C,V001334
B-000726,B,C-000724,C,V001334
A-000714,A,C-000725,C,V001335
A-000715,A,B-000727,B,V001338
A-000715,A,C-000728,C,V001338
B-000727,B,C-000728,C,V001338
B-000728,B,C-000729,C,V001339
B-000729,B,C-000730,C,V001340
A-000716,A,B-000731,B,V001342
A-000716,A,C-000731,C,V001342
B-000731,B,C-000731,C,V001342
A-000717,A,B-000732,B,V001343
A-000717,A,C-000732,C,V001343
B-000732,B,C-000732,C,V001343
C-000733,C,A-000719,A,V001345
B-000733,B,C-000735,C,V001348
A-000722,A,B-000734,B,V001350
A-000724,A,B-000737,B,V001355
A-000724,A,C-000737,C,V001355
B-000737,B,C-000737,C,V001355
B-000740,B,A-000726,A,V001359
A-000728,A,B-000742,B,V001362
A-000728,A,C-000738,C,V001362
B-000742,B,C-000738,C,V001362
A-000729,A,B-000743,B,V001365
A-000730,A,B-000744,B,V001366
A-000730,A,C-000741,C,V001366
B-000744,B,C-000741,C,V001366
C-000742,C,B-000746,B,V001369
A-000732,A,B-000747,B,V001370
A-000732,A,C-000743,C,V001370
B-000747,B,C-000743,C,V001370
A-000734,A,B-000748,B,V001372
A-000734,A,C-000744,C,V001372
B-000748,B,C-000744,C,V001372
B-000750,B,C-000745,C,V001375
A-000736,A,B-000751,B,V001376
A-000736,A,C-000746,C,V001376
B-000751,B,C-000746,C,V001376
C-000747,C,A-000738,A,V001378
A-000739,A,B-000752,B,V001379
A-000739,A,C-000748,C,V001379
B-000752,B,C-000748,C,V001379
B-000753,B,A-000742,A,V001382
A-000743,A,B-000754,B,V001383
A-000743,A,C-000749,C,V001383
B-000754,B,C-000749,C,V001383
A-000744,A,B-000755,B,V001384
A-000744,A,C-000750,C,V001384
B-000755,B,C-000750,C,V001384
A-000745,A,B-000756,B,V001385
A-000745,A,C-000751,C,V001385
B-000756,B,C-000751,C,V001385
C-000752,C,A-000747,A,V001387
C-000753,C,B-000758,B,V001389
A-000748,A,C-000758,C,V001396
A-000749,A,B-000761,B,V001397
A-000749,A,C-000759,C,V001397
B-000761,B,C-000759,C,V001397
B-000764,B,C-000760,C,V001401
A-000751,A,C-000761,C,V001402
B-000765,B,C-000765,C,V001406
A-000753,A,B-000771,B,V001416
A-000753,A,C-000769,C,V001416
B-000771,B,C-000769,C,V001416
B-000772,B,C-000771,C,V001420
C-000772,C,B-000773,B,V001421
A-000756,A,B-000774,B,V001423
A-000756,A,C-000774,C,V001423
B-000774,B,C-000774,C,V001423
A-000757,A,B-000775,B,V001424
A-000757,A,C-000775,C,V001424
B-000775,B,C-000775,C,V001424
C-000776,C,B-000776,B,V001425
B-000779,B,C-000777,C,V001428
C-000778,C,A-000758,A,V001429
A-000759,A,B-000780,B,V001431
A-000759,A,C-000780,C,V001431
B-000780,B,C-000780,C,V001431
A-000760,A,B-000781,B,V001432
A-000760,A,C-000781,C,V001432
B-000781,B,C-000781,C,V001432
A-000761,A,B-000782,B,V001433
A-000761,A,C-000782,C,V001433
B-000782,B,C-000782,C,V001433
B-000783,B,A-000762,A,V001435
C-000785,C,B-000784,B,V001437
A-000766,A,B-000786,B,V001444
A-000767,A,B-000787,B,V001445
A-000767,A,C-000788,C,V001445
B-000787,B,C-000788,C,V001445
B-000788,B,A-000768,A,V001447
C-000791,C,B-000789,B,V001449
A-000770,A,C-000792,C,V001451
C-000793,C,B-000791,B,V001453
A-000771,A,B-000792,B,V001454
A-000771,A,C-000794,C,V001454
B-000792,B,C-000794,C,V001454
B-000796,B,A-000773,A,V001459
A-000774,A,B-000797,B,V001461
A-000783,A,B-000801,B,V001475
C-000798,C,B-000802,B,V001476
A-000785,A,B-000803,B,V001478
A-000785,A,C-000799,C,V001478
B-000803,B,C-000799,C,V001478
A-000786,A,B-000805,B,V001480
A-000787,A,B-000806,B,V001481
A-000787,A,C-000800,C,V001481
B-000806,B,C-000800,C,V001481
A-000788,A,B-000807,B,V001482
A-000788,A,C-000801,C,V001482
B-000807,B,C-000801,C,V001482
B-000809,B,A-000790,A,V001487
A-000792,A,B-000810,B,V001489
A-000792,A,C-000804,C,V001489
B-000810,B,C-000804,C,V001489
B-000811,B,C-000805,C,V001490
A-000793,A,B-000812,B,V001491
A-000793,A,C-000806,C,V001491
B-000812,B,C-000806,C,V001491
A-000794,A,B-000813,B,V001494
A-000794,A,C-000809,C,V001494
B-000813,B,C-000809,C,V001494
A-000796,A,B-000814,B,V001498
A-000796,A,C-000812,C,V001498
B-000814,B,C-000812,C,V001498
C-000813,C,A-000797,A,V001499
A-000798,A,B-000815,B,V001500
A-000798,A,C-000814,C,V001500
B-000815,B,C-000814,C,V001500
B-000818,B,C-000818,C,V001509
A-000802,A,B-000820,B,V001511
A-000802,A,C-000819,C,V001511
B-000820,B,C-000819,C,V001511
A-000804,A,B-000821,B,V001514
A-000804,A,C-000821,C,V001514
B-000821,B,C-000821,C,V001514
C-000824,C,B-000823,B,V001518
A-000805,A,C-000825,C,V001520
A-000806,A,B-000825,B,V001521
A-000808,A,B-000826,B,V001524
C-000829,C,A-000809,A,V001529
A-000810,A,B-000831,B,V001533
A-000811,A,B-000832,B,V001534
A-000811,A,C-000831,C,V001534
B-000832,B,C-000831,C,V001534
A-000815,A,C-000832,C,V001538
A-000816,A,B-000833,B,V001539
A-000816,A,C-000833,C,V001539
B-000833,B,C-000833,C,V001539
A-000819,A,B-000835,B,V001546
A-000819,A,C-000837,C,V001546
B-000835,B,C-000837,C,V001546
A-000821,A,B-000839,B,V001551
B-000841,B,A-000823,A,V001554
C-000839,C,A-000826,A,V001558
C-000840,C,B-000842,B,V001560
C-000841,C,A-000828,A,V001561
C-000843,C,B-000843,B,V001563
A-000829,A,B-000844,B,V001564
A-000829,A,C-000844,C,V001564
B-000844,B,C-000844,C,V001564
A-000830,A,B-000845,B,V001565
A-000831,A,C-000847,C,V001568
A-000832,A,B-000846,B,V001570
C-000849,C,A-000833,A,V001572
A-000836,A,B-000849,B,V001576
B-000850,B,A-000837,A,V001577
A-000838,A,B-000851,B,V001579
B-000852,B,A-000839,A,V001580
A-000842,A,B-000853,B,V001584
A-000842,A,C-000852,C,V001584
B-000853,B,C-000852,C,V001584
A-000843,A,C-000853,C,V001585
B-000854,B,C-000854,C,V001586
A-000846,A,B-000856,B,V001591
A-000846,A,C-000856,C,V001591
B-000856,B,C-000856,C,V001591
A-000848,A,C-000857,C,V001593
B-000858,B,A-000849,A,V001595
A-000850,A,B-000859,B,V001596
B-000863,B,A-000854,A,V001606
B-000864,B,A-000855,A,V001607
B-000865,B,A-000856,A,V001608
A-000857,A,B-000866,B,V001609
B-000869,B,A-000858,A,V001612
A-000860,A,B-000870,B,V001615
A-000860,A,C-000862,C,V001615
B-000870,B,C-000862,C,V001615
B-000871,B,C-000864,C,V001617
A-000861,A,B-000873,B,V001619
A-000861,A,C-000865,C,V001619
B-000873,B,C-000865,C,V001619
A-000862,A,B-000874,B,V001620
A-000862,A,C-000866,C,V001620
B-000874,B,C-000866,C,V001620
A-000864,A,B-000876,B,V001624
A-000864,A,C-000868,C,V001624
B-000876,B,C-000868,C,V001624
A-000865,A,B-000878,B,V001627
A-000865,A,C-000870,C,V001627
B-000878,B,C-000870,C,V001627
C-000871,C,B-000879,B,V001628
B-000881,B,A-000866,A,V001630
B-000882,B,A-000867,A,V001631
A-000869,A,B-000883,B,V001633
A-000869,A,C-000872,C,V001633
B-000883,B,C-000872,C,V001633
C-000874,C,A-000870,A,V001635
A-000871,A,B-000885,B,V001637
A-000871,A,C-000875,C,V001637
B-000885,B,C-000875,C,V001637
C-000876,C,A-000873,A,V001639
B-000886,B,C-000877,C,V001641
A-000875,A,C-000878,C,V001642
A-000876,A,B-000887,B,V001643
A-000876,A,C-000879,C,V001643
B-000887,B,C-000879,C,V001643
B-000890,B,C-000881,C,V001647
C-000882,C,A-000877,A,V001648
B-000891,B,A-000878,A,V001650
A-000880,A,B-000892,B,V001652
A-000880,A,C-000884,C,V001652
B-000892,B,C-000884,C,V001652
A-000882,A,C-000885,C,V001655
C-000887,C,B-000895,B,V001658
A-000888,A,B-000897,B,V001665
A-000889,A,B-000898,B,V001666
A-000889,A,C-000888,C,V001666
B-000898,B,C-000888,C,V001666
A-000890,A,B-000899,B,V001667
A-000890,A,C-000889,C,V001667
B-000899,B,C-000889,C,V001667
A-000893,A,C-000893,C,V001675
A-000895,A,C-000894,C,V001677
A-000897,A,B-000902,B,V001680
A-000897,A,C-000896,C,V001680
B-000902,B,C-000896,C,V001680
B-000903,B,C-000897,C,V001681
C-000898,C,B-000904,B,V001682
A-000898,A,B-000905,B,V001684
A-000898,A,C-000900,C,V001684
B-000905,B,C-000900,C,V001684
A-000899,A,B-000906,B,V001685
A-000899,A,C-000901,C,V001685
B-000906,B,C-000901,C,V001685
B-000907,B,C-000902,C,V001686
A-000901,A,B-000908,B,V001688
A-000901,A,C-000903,C,V001688
B-000908,B,C-000903,C,V001688
A-000902,A,B-000909,B,V001689
A-000902,A,C-000904,C,V001689
B-000909,B,C-000904,C,V001689
A-000903,A,B-000910,B,V001690
A-000904,A,B-000911,B,V001691
A-000904,A,C-000905,C,V001691
B-000911,B,C-000905,C,V001691
A-000907,A,B-000912,B,V001694
A-000907,A,C-000906,C,V001694
B-000912,B,C-000906,C,V001694
A-000908,A,B-000913,B,V001696
B-000914,B,C-000909,C,V001698
A-000909,A,B-000915,B,V001699
A-000910,A,B-000917,B,V001701
A-000910,A,C-000910,C,V001701
B-000917,B,C-000910,C,V001701
A-000911,A,B-000918,B,V001702
A-000911,A,C-000911,C,V001702
B-000918,B,C-000911,C,V001702
C-000912,C,B-000919,B,V001703
B-000921,B,C-000914,C,V001706
A-000912,A,B-000922,B,V001707
A-000912,A,C-000915,C,V001707
B-000922,B,C-000915,C,V001707
A-000913,A,B-000923,B,V001708
A-000913,A,C-000916,C,V001708
B-000923,B,C-000916,C,V001708
A-000914,A,B-000924,B,V001710
A-000914,A,C-000918,C,V001710
B-000924,B,C-000918,C,V001710
A-000915,A,B-000925,B,V001711
A-000915,A,C-000919,C,V001711
B-000925,B,C-000919,C,V001711
B-000926,B,A-000916,A,V001712
C-000920,C,A-000917,A,V001713
A-000919,A,B-000927,B,V001716
A-000919,A,C-000922,C,V001716
B-000927,B,C-000922,C,V001716
A-000920,A,B-000928,B,V001717
A-000920,A,C-000923,C,V001717
B-000928,B,C-000923,C,V001717
A-000921,A,B-000930,B,V001719
A-000921,A,C-000924,C,V001719
B-000930,B,C-000924,C,V001719
A-000923,A,B-000931,B,V001723
A-000924,A,B-000932,B,V001724
A-000924,A,C-000927,C,V001724
B-000932,B,C-000927,C,V001724
A-000925,A,B-000934,B,V001726
A-000925,A,C-000928,C,V001726
B-000934,B,C-000928,C,V001726
A-000926,A,B-000935,B,V001727
C-000929,C,A-000927,A,V001728
C-000930,C,B-000936,B,V001729
A-000929,A,B-000937,B,V001732
A-000929,A,C-000932,C,V001732
B-000937,B,C-000932,C,V001732
C-000933,C,A-000930,A,V001733
B-000938,B,C-000934,C,V001734
C-000935,C,B-000939,B,V001735
A-000931,A,B-000940,B,V001736
A-000933,A,C-000936,C,V001739
A-000934,A,B-000942,B,V001740
A-000935,A,B-000943,B,V001741
A-000935,A,C-000937,C,V001741
B-000943,B,C-000937,C,V001741
A-000936,A,B-000944,B,V001742
A-000937,A,B-000946,B,V001745
A-000937,A,C-000939,C,V001745
B-000946,B,C-000939,C,V001745
A-000938,A,C-000940,C,V001747
B-000950,B,C-000941,C,V001751
C-000943,C,A-000940,A,V001754
B-000952,B,A-000941,A,V001755
C-000945,C,A-000942,A,V001757
A-000943,A,B-000953,B,V001759
A-000943,A,C-000947,C,V001759
B-000953,B,C-000947,C,V001759
A-000944,A,B-000955,B,V001763
A-000944,A,C-000950,C,V001763
B-000955,B,C-000950,C,V001763
A-000946,A,B-000956,B,V001766
A-000946,A,C-000952,C,V001766
B-000956,B,C-000952,C,V001766
B-000957,B,A-000947,A,V001767
A-000948,A,B-000958,B,V001768
A-000948,A,C-000953,C,V001768
B-000958,B,C-000953,C,V001768
A-000949,A,B-000961,B,V001771
A-000949,A,C-000954,C,V001771
B-000961,B,C-000954,C,V001771
B-000962,B,A-000950,A,V001772
C-000955,C,B-000964,B,V001775
C-000956,C,A-000952,A,V001777
C-000957,C,B-000966,B,V001778
B-000967,B,C-000958,C,V001780
A-000955,A,B-000968,B,V001785
A-000955,A,C-000962,C,V001785
B-000968,B,C-000962,C,V001785
A-000957,A,C-000963,C,V001788
C-000965,C,B-000971,B,V001792
A-000959,A,B-000972,B,V001793
A-000959,A,C-000966,C,V001793
B-000972,B,C-000966,C,V001793
B-000973,B,A-000960,A,V001794
A-000962,A,B-000975,B,V001797
C-000967,C,A-000963,A,V001798
C-000968,C,B-000976,B,V001799
C-000971,C,A-000966,A,V001804
A-000967,A,B-000977,B,V001806
A-000967,A,C-000973,C,V001806
B-000977,B,C-000973,C,V001806
C-000975,C,A-000968,A,V001808
B-000978,B,A-000969,A,V001810
C-000977,C,A-000971,A,V001812
C-000980,C,B-000979,B,V001815
A-000973,A,B-000980,B,V001819
A-000973,A,C-000983,C,V001819
B-000980,B,C-000983,C,V001819
A-000974,A,B-000981,B,V001820
A-000974,A,C-000984,C,V001820
B-000981,B,C-000984,C,V001820
A-000975,A,B-000982,B,V001822
A-000976,A,C-000986,C,V001823
A-000978,A,B-000983,B,V001825
A-000979,A,B-000984,B,V001826
A-000979,A,C-000987,C,V001826
B-000984,B,C-000987,C,V001826
A-000981,A,B-000986,B,V001829
A-000981,A,C-000988,C,V001829
B-000986,B,C-000988,C,V001829
A-000982,A,B-000988,B,V001833
A-000982,A,C-000991,C,V001833
B-000988,B,C-000991,C,V001833
C-000994,C,A-000983,A,V001838
C-000995,C,A-000984,A,V001839
A-000987,A,B-000991,B,V001842
A-000987,A,C-000996,C,V001842
B-000991,B,C-000996,C,V001842
A-000988,A,B-000992,B,V001843
A-000989,A,B-000993,B,V001845
A-000990,A,B-000994,B,V001847
A-000990,A,C-000999,C,V001847
B-000994,B,C-000999,C,V001847
A-000992,A,B-000995,B,V001849
A-000992,A,C-001000,C,V001849
B-000995,B,C-001000,C,V001849
C-001001,C,A-000993,A,V001850
B-000996,B,A-000995,A,V001852
C-001002,C,A-000996,A,V001853
B-000999,B,A-000999,A,V001859
A-001001,A,C-001004,C,V001862
A-001005,A,C-001005,C,V001866
B-001002,B,A-001006,A,V001868
B-001003,B,C-001007,C,V001870
A-001007,A,C-001008,C,V001871
C-001010,C,B-001005,B,V001874
A-001010,A,B-001006,B,V001878
B-001007,B,A-001011,A,V001879
A-001012,A,B-001008,B,V001880
A-001012,A,C-001012,C,V001880
B-001008,B,C-001012,C,V001880
B-001009,B,A-001013,A,V001881
B-001010,B,C-001013,C,V001882
C-001014,C,B-001012,B,V001884
A-001014,A,B-001014,B,V001887
A-001014,A,C-001016,C,V001887
B-001014,B,C-001016,C,V001887
B-001015,B,A-001015,A,V001888
A-001016,A,B-001016,B,V001889
A-001016,A,C-001017,C,V001889
B-001016,B,C-001017,C,V001889
C-001018,C,A-001017,A,V001891
A-001019,A,B-001018,B,V001893
A-001019,A,C-001019,C,V001893
B-001018,B,C-001019,C,V001893
B-001020,B,A-001021,A,V001896
A-001022,A,B-001021,B,V001897
A-001022,A,C-001020,C,V001897
B-001021,B,C-001020,C,V001897
A-001023,A,B-001022,B,V001899
A-001023,A,C-001022,C,V001899
B-001022,B,C-001022,C,V001899
A-001024,A,B-001024,B,V001902
A-001024,A,C-001024,C,V001902
B-001024,B,C-001024,C,V001902
B-001025,B,A-001025,A,V001903
C-001025,C,A-001026,A,V001904
C-001026,C,B-001026,B,V001905
C-001028,C,A-001027,A,V001907
A-001028,A,C-001029,C,V001908
C-001030,C,B-001028,B,V001910
A-001029,A,B-001029,B,V001911
A-001029,A,C-001031,C,V001911
B-001029,B,C-001031,C,V001911
A-001031,A,B-001031,B,V001916
A-001031,A,C-001034,C,V001916
B-001031,B,C-001034,C,V001916
A-001032,A,B-001032,B,V001917
A-001032,A,C-001035,C,V001917
B-001032,B,C-001035,C,V001917
A-001034,A,B-001034,B,V001921
A-001035,A,B-001035,B,V001922
A-001035,A,C-001037,C,V001922
B-001035,B,C-001037,C,V001922
A-001036,A,B-001036,B,V001923
A-001036,A,C-001038,C,V001923
B-001036,B,C-001038,C,V001923
A-001038,A,B-001037,B,V001925
A-001038,A,C-001039,C,V001925
B-001037,B,C-001039,C,V001925
A-001039,A,B-001038,B,V001926
A-001039,A,C-001040,C,V001926
B-001038,B,C-001040,C,V001926
A-001040,A,B-001039,B,V001927
A-001041,A,B-001043,B,V001931
A-001041,A,C-001041,C,V001931
B-001043,B,C-001041,C,V001931
B-001051,B,A-001045,A,V001943
A-001046,A,B-001053,B,V001946
A-001046,A,C-001044,C,V001946
B-001053,B,C-001044,C,V001946
A-001047,A,C-001045,C,V001947
A-001051,A,B-001054,B,V001952
A-001051,A,C-001047,C,V001952
B-001054,B,C-001047,C,V001952
A-001052,A,B-001055,B,V001953
A-001052,A,C-001048,C,V001953
B-001055,B,C-001048,C,V001953
A-001053,A,B-001056,B,V001954
A-001053,A,C-001049,C,V001954
B-001056,B,C-001049,C,V001954
C-001050,C,A-001054,A,V001956
B-001059,B,A-001055,A,V001959
A-001057,A,C-001052,C,V001961
A-001059,A,C-001053,C,V001963
B-001060,B,C-001054,C,V001964
A-001060,A,B-001061,B,V001965
A-001060,A,C-001055,C,V001965
B-001061,B,C-001055,C,V001965
B-001062,B,C-001056,C,V001966
A-001062,A,C-001057,C,V001970
A-001064,A,B-001065,B,V001972
A-001064,A,C-001058,C,V001972
B-001065,B,C-001058,C,V001972
A-001065,A,B-001066,B,V001973
A-001065,A,C-001059,C,V001973
B-001066,B,C-001059,C,V001973
A-001066,A,C-001061,C,V001976
A-001067,A,C-001063,C,V001978
A-001069,A,B-001069,B,V001981
A-001069,A,C-001064,C,V001981
B-001069,B,C-001064,C,V001981
A-001071,A,B-001070,B,V001986
A-001071,A,C-001068,C,V001986
B-001070,B,C-001068,C,V001986
A-001073,A,B-001074,B,V001992
A-001074,A,B-001075,B,V001993
A-001074,A,C-001070,C,V001993
B-001075,B,C-001070,C,V001993
A-001077,A,B-001079,B,V002003
C-001075,C,B-001081,B,V002005
A-001079,A,C-001077,C,V002010
A-001080,A,B-001085,B,V002012
A-001080,A,C-001078,C,V002012
B-001085,B,C-001078,C,V002012
B-001086,B,C-001080,C,V002014
A-001081,A,B-001087,B,V002015
A-001081,A,C-001081,C,V002015
B-001087,B,C-001081,C,V002015
C-001084,C,B-001088,B,V002019
A-001083,A,B-001089,B,V002020
A-001083,A,C-001085,C,V002020
B-001089,B,C-001085,C,V002020
A-001084,A,B-001092,B,V002025
A-001085,A,B-001093,B,V002026
A-001086,A,B-001095,B,V002031
A-001086,A,C-001091,C,V002031
B-001095,B,C-001091,C,V002031
A-001087,A,B-001096,B,V002032
A-001087,A,C-001092,C,V002032
B-001096,B,C-001092,C,V002032
A-001090,A,B-001099,B,V002038
A-001091,A,B-001101,B,V002041
A-001091,A,C-001095,C,V002041
B-001101,B,C-001095,C,V002041
A-001092,A,C-001096,C,V002043
A-001094,A,B-001104,B,V002047
A-001094,A,C-001098,C,V002047
B-001104,B,C-001098,C,V002047
A-001096,A,C-001099,C,V002049
C-001100,C,B-001105,B,V002051
A-001098,A,B-001106,B,V002053
A-001098,A,C-001102,C,V002053
B-001106,B,C-001102,C,V002053
A-001101,A,B-001107,B,V002057
C-001106,C,B-001109,B,V002062
A-001103,A,B-001110,B,V002063
A-001103,A,C-001107,C,V002063
B-001110,B,C-001107,C,V002063
C-001108,C,A-001104,A,V002064
A-001105,A,B-001111,B,V002065
B-001112,B,A-001106,A,V002067
B-001113,B,A-001107,A,V002069
A-001108,A,B-001114,B,V002070
A-001108,A,C-001111,C,V002070
B-001114,B,C-001111,C,V002070
A-001111,A,B-001116,B,V002074
A-001111,A,C-001112,C,V002074
B-001116,B,C-001112,C,V002074
A-001113,A,B-001118,B,V002077
A-001113,A,C-001113,C,V002077
B-001118,B,C-001113,C,V002077
C-001114,C,A-001114,A,V002078
A-001116,A,B-001120,B,V002081
A-001116,A,C-001115,C,V002081
B-001120,B,C-001115,C,V002081
A-001117,A,B-001121,B,V002082
A-001117,A,C-001116,C,V002082
B-001121,B,C-001116,C,V002082
B-001122,B,C-001118,C,V002085
C-001119,C,A-001120,A,V002087
A-001122,A,C-001121,C,V002090
A-001123,A,B-001124,B,V002092
A-001123,A,C-001122,C,V002092
B-001124,B,C-001122,C,V002092
A-001125,A,B-001125,B,V002095
A-001125,A,C-001124,C,V002095
B-001125,B,C-001124,C,V002095
B-001126,B,C-001125,C,V002096
A-001129,A,B-001131,B,V002106
C-001128,C,A-001130,A,V002107
A-001132,A,B-001134,B,V002112
A-001132,A,C-001130,C,V002112
B-001134,B,C-001130,C,V002112
A-001133,A,B-001135,B,V002113
A-001133,A,C-001131,C,V002113
B-001135,B,C-001131,C,V002113
A-001134,A,B-001136,B,V002114
A-001134,A,C-001132,C,V002114
B-001136,B,C-001132,C,V002114
A-001135,A,B-001137,B,V002115
C-001135,C,B-001139,B,V002119
B-001141,B,A-001137,A,V002122
A-001138,A,C-001136,C,V002123
A-001139,A,B-001144,B,V002126
A-001140,A,B-001145,B,V002127
A-001140,A,C-001137,C,V002127
B-001145,B,C-001137,C,V002127
A-001143,A,B-001148,B,V002133
A-001143,A,C-001139,C,V002133
B-001148,B,C-001139,C,V002133
C-001140,C,B-001149,B,V002134
A-001144,A,B-001150,B,V002136
A-001144,A,C-001142,C,V002136
B-001150,B,C-001142,C,V002136
B-001151,B,A-001145,A,V002140
B-001152,B,A-001146,A,V002141
A-001147,A,B-001153,B,V002142
A-001149,A,B-001155,B,V002145
A-001149,A,C-001146,C,V002145
B-001155,B,C-001146,C,V002145
A-001150,A,B-001156,B,V002146
A-001150,A,C-001147,C,V002146
B-001156,B,C-001147,C,V002146
C-001148,C,B-001158,B,V002150
B-001159,B,A-001155,A,V002154
B-001160,B,C-001150,C,V002155
A-001157,A,B-001161,B,V002157
A-001158,A,C-001151,C,V002158
C-001152,C,B-001163,B,V002164
B-001164,B,A-001163,A,V002167
B-001166,B,C-001156,C,V002172
A-001166,A,B-001167,B,V002173
A-001166,A,C-001157,C,V002173
B-001167,B,C-001157,C,V002173
B-001168,B,A-001170,A,V002178
C-001159,C,A-001172,A,V002180
B-001169,B,C-001160,C,V002181
A-001173,A,B-001172,B,V002185
A-001177,A,C-001163,C,V002193
C-001165,C,B-001176,B,V002195
B-001180,B,A-001178,A,V002199
A-001179,A,C-001166,C,V002201
A-001180,A,C-001169,C,V002204
B-001182,B,C-001170,C,V002205
A-001181,A,B-001183,B,V002206
C-001174,C,A-001183,A,V002211
A-001184,A,B-001184,B,V002212
B-001186,B,A-001186,A,V002215
A-001187,A,B-001187,B,V002216
A-001187,A,C-001175,C,V002216
B-001187,B,C-001175,C,V002216
B-001188,B,A-001188,A,V002217
A-001189,A,B-001189,B,V002219
B-001194,B,A-001192,A,V002226
B-001195,B,C-001178,C,V002228
A-001193,A,B-001196,B,V002229
A-001193,A,C-001179,C,V002229
B-001196,B,C-001179,C,V002229
B-001197,B,A-001194,A,V002230
A-001195,A,B-001198,B,V002231
A-001195,A,C-001180,C,V002231
B-001198,B,C-001180,C,V002231
A-001196,A,B-001199,B,V002232
A-001196,A,C-001181,C,V002232
B-001199,B,C-001181,C,V002232
A-001197,A,B-001201,B,V002234
A-001197,A,C-001182,C,V002234
B-001201,B,C-001182,C,V002234
A-001198,A,B-001202,B,V002236
A-001198,A,C-001184,C,V002236
B-001202,B,C-001184,C,V002236
A-001199,A,B-001204,B,V002239
A-001199,A,C-001186,C,V002239
B-001204,B,C-001186,C,V002239
C-001190,C,A-001201,A,V002245
A-001204,A,C-001191,C,V002248
B-001207,B,C-001192,C,V002250
A-001205,A,B-001208,B,V002252
A-001205,A,C-001194,C,V002252
B-001208,B,C-001194,C,V002252
A-001208,A,B-001209,B,V002255
A-001208,A,C-001195,C,V002255
B-001209,B,C-001195,C,V002255
A-001209,A,B-001210,B,V002256
A-001209,A,C-001196,C,V002256
B-001210,B,C-001196,C,V002256
A-001210,A,B-001211,B,V002257
A-001211,A,B-001213,B,V002261
A-001214,A,B-001215,B,V002266
A-001214,A,C-001200,C,V002266
B-001215,B,C-001200,C,V002266
A-001215,A,B-001216,B,V002267
B-001217,B,A-001216,A,V002268
A-001218,A,B-001218,B,V002270
A-001218,A,C-001201,C,V002270
B-001218,B,C-001201,C,V002270
B-001219,B,C-001202,C,V002271
A-001219,A,C-001203,C,V002272
A-001220,A,B-001222,B,V002277
A-001220,A,C-001206,C,V002277
B-001222,B,C-001206,C,V002277
A-001222,A,B-001226,B,V002282
A-001222,A,C-001207,C,V002282
B-001226,B,C-001207,C,V002282
A-001223,A,B-001227,B,V002284
A-001224,A,C-001210,C,V002286
A-001225,A,B-001228,B,V002288
C-001212,C,B-001229,B,V002289
A-001226,A,B-001231,B,V002291
A-001226,A,C-001213,C,V002291
B-001231,B,C-001213,C,V002291
B-001233,B,A-001227,A,V002295
C-001216,C,A-001228,A,V002296
A-001229,A,B-001234,B,V002298
A-001229,A,C-001218,C,V002298
B-001234,B,C-001218,C,V002298
C-001220,C,B-001235,B,V002300
A-001231,A,B-001236,B,V002302
A-001231,A,C-001221,C,V002302
B-001236,B,C-001221,C,V002302
A-001232,A,B-001237,B,V002303
A-001232,A,C-001222,C,V002303
B-001237,B,C-001222,C,V002303
A-001233,A,B-001238,B,V002304
A-001234,A,B-001239,B,V002305
A-001235,A,B-001240,B,V002306
A-001235,A,C-001223,C,V002306
B-001240,B,C-001223,C,V002306
C-001224,C,B-001241,B,V002308
B-001246,B,C-001228,C,V002317
A-001238,A,C-001229,C,V002318
A-001239,A,C-001230,C,V002319
C-001231,C,B-001247,B,V002320
C-001233,C,A-001240,A,V002322
C-001234,C,A-001241,A,V002323
B-001248,B,A-001242,A,V002324
A-001243,A,C-001235,C,V002326
A-001244,A,B-001250,B,V002327
A-001244,A,C-001236,C,V002327
B-001250,B,C-001236,C,V002327
A-001245,A,B-001251,B,V002328
A-001245,A,C-001237,C,V002328
B-001251,B,C-001237,C,V002328
C-001239,C,B-001253,B,V002331
C-001240,C,B-001255,B,V002333
A-001246,A,B-001257,B,V002336
C-001242,C,B-001259,B,V002339
A-001248,A,B-001260,B,V002341
A-001248,A,C-001244,C,V002341
B-001260,B,C-001244,C,V002341
C-001246,C,B-001262,B,V002345
C-001250,C,A-001250,A,V002351
B-001265,B,C-001251,C,V002352
A-001251,A,B-001266,B,V002353
C-001252,C,A-001254,A,V002356
A-001256,A,C-001254,C,V002359
A-001257,A,B-001267,B,V002360
A-001257,A,C-001255,C,V002360
B-001267,B,C-001255,C,V002360
B-001268,B,A-001258,A,V002361
C-001257,C,B-001269,B,V002364
C-001258,C,A-001260,A,V002365
C-001259,C,A-001262,A,V002367
A-001265,A,B-001271,B,V002372
A-001267,A,B-001273,B,V002375
A-001267,A,C-001261,C,V002375
B-001273,B,C-001261,C,V002375
B-001275,B,A-001268,A,V002378
A-001270,A,B-001276,B,V002380
A-001270,A,C-001263,C,V002380
B-001276,B,C-001263,C,V002380
C-001264,C,A-001271,A,V002381
A-001272,A,B-001278,B,V002383
A-001272,A,C-001265,C,V002383
B-001278,B,C-001265,C,V002383
A-001273,A,C-001267,C,V002385
A-001274,A,B-001280,B,V002387
A-001274,A,C-001268,C,V002387
B-001280,B,C-001268,C,V002387
A-001279,A,B-001282,B,V002395
A-001281,A,B-001283,B,V002397
A-001281,A,C-001271,C,V002397
B-001283,B,C-001271,C,V002397
B-001284,B,C-001273,C,V002399
A-001282,A,B-001286,B,V002401
A-001282,A,C-001274,C,V002401
B-001286,B,C-001274,C,V002401
C-001275,C,B-001287,B,V002403
A-001284,A,B-001288,B,V002404
A-001284,A,C-001276,C,V002404
B-001288,B,C-001276,C,V002404
A-001286,A,B-001289,B,V002407
A-001286,A,C-001278,C,V002407
B-001289,B,C-001278,C,V002407
C-001280,C,B-001292,B,V002411
B-001293,B,A-001287,A,V002414
A-001288,A,B-001294,B,V002415
A-001288,A,C-001283,C,V002415
B-001294,B,C-001283,C,V002415
A-001289,A,B-001295,B,V002416
A-001289,A,C-001284,C,V002416
B-001295,B,C-001284,C,V002416
A-001290,A,B-001297,B,V002419
A-001290,A,C-001286,C,V002419
B-001297,B,C-001286,C,V002419
B-001299,B,A-001292,A,V002422
C-001287,C,B-001303,B,V002427
A-001294,A,C-001289,C,V002429
C-001291,C,A-001296,A,V002433
C-001292,C,B-001305,B,V002434
B-001306,B,C-001293,C,V002435
A-001297,A,C-001294,C,V002436
C-001297,C,A-001300,A,V002444
A-001301,A,B-001310,B,V002445
A-001301,A,C-001298,C,V002445
B-001310,B,C-001298,C,V002445
A-001302,A,B-001312,B,V002448
A-001302,A,C-001300,C,V002448
B-001312,B,C-001300,C,V002448
B-001315,B,C-001302,C,V002452
B-001316,B,A-001303,A,V002453
B-001317,B,C-001303,C,V002454
B-001318,B,C-001304,C,V002455
B-001319,B,C-001305,C,V002456
A-001304,A,B-001320,B,V002457
A-001305,A,B-001321,B,V002458
A-001305,A,C-001306,C,V002458
B-001321,B,C-001306,C,V002458
A-001308,A,B-001323,B,V002462
A-001308,A,C-001307,C,V002462
B-001323,B,C-001307,C,V002462
A-001309,A,C-001308,C,V002463
A-001310,A,B-001324,B,V002465
A-001310,A,C-001310,C,V002465
B-001324,B,C-001310,C,V002465
A-001311,A,B-001325,B,V002467
A-001311,A,C-001312,C,V002467
B-001325,B,C-001312,C,V002467
A-001312,A,B-001326,B,V002468
A-001312,A,C-001313,C,V002468
B-001326,B,C-001313,C,V002468
A-001313,A,B-001327,B,V002469
A-001313,A,C-001314,C,V002469
B-001327,B,C-001314,C,V002469
B-001330,B,C-001315,C,V002473
A-001315,A,B-001331,B,V002474
A-001316,A,B-001333,B,V002476
A-001316,A,C-001316,C,V002476
B-001333,B,C-001316,C,V002476
B-001334,B,C-001317,C,V002477
C-001318,C,A-001317,A,V002478
C-001319,C,B-001335,B,V002479
A-001318,A,B-001336,B,V002480
A-001318,A,C-001320,C,V002480
B-001336,B,C-001320,C,V002480
B-001338,B,A-001320,A,V002484
C-001322,C,A-001321,A,V002485
A-001322,A,B-001339,B,V002486
B-001340,B,C-001323,C,V002488
C-001325,C,B-001341,B,V002491
B-001342,B,C-001326,C,V002492
C-001327,C,A-001325,A,V002493
A-001326,A,B-001343,B,V002494
A-001326,A,C-001328,C,V002494
B-001343,B,C-001328,C,V002494
A-001327,A,B-001346,B,V002497
A-001327,A,C-001329,C,V002497
B-001346,B,C-001329,C,V002497
A-001328,A,B-001349,B,V002502
A-001329,A,B-001350,B,V002503
A-001329,A,C-001332,C,V002503
B-001350,B,C-001332,C,V002503
A-001330,A,C-001333,C,V002504
A-001331,A,B-001351,B,V002505
A-001331,A,C-001334,C,V002505
B-001351,B,C-001334,C,V002505
B-001357,B,A-001334,A,V002516
C-001338,C,A-001336,A,V002521
A-001337,A,B-001361,B,V002522
A-001337,A,C-001339,C,V002522
B-001361,B,C-001339,C,V002522
A-001339,A,B-001362,B,V002524
A-001339,A,C-001340,C,V002524
B-001362,B,C-001340,C,V002524
A-001340,A,C-001341,C,V002525
B-001364,B,C-001343,C,V002528
C-001344,C,B-001365,B,V002530
B-001366,B,C-001345,C,V002532
B-001367,B,A-001343,A,V002533
A-001344,A,B-001368,B,V002535
A-001344,A,C-001347,C,V002535
B-001368,B,C-001347,C,V002535
C-001348,C,B-001369,B,V002536
A-001345,A,B-001370,B,V002537
A-001345,A,C-001349,C,V002537
B-001370,B,C-001349,C,V002537
A-001346,A,B-001371,B,V002538
A-001347,A,C-001350,C,V002539
B-001373,B,C-001351,C,V002542
A-001349,A,B-001375,B,V002544
A-001349,A,C-001352,C,V002544
B-001375,B,C-001352,C,V002544
B-001376,B,A-001351,A,V002546
C-001353,C,B-001377,B,V002549
C-001354,C,A-001354,A,V002550
A-001355,A,C-001355,C,V002551
C-001357,C,B-001379,B,V002554
B-001380,B,C-001358,C,V002555
A-001356,A,B-001383,B,V002558
A-001356,A,C-001359,C,V002558
B-001383,B,C-001359,C,V002558
C-001360,C,B-001384,B,V002559
A-001357,A,B-001386,B,V002563
A-001357,A,C-001363,C,V002563
B-001386,B,C-001363,C,V002563
A-001358,A,B-001387,B,V002564
C-001364,C,B-001388,B,V002566
B-001390,B,C-001366,C,V002569
A-001360,A,B-001391,B,V002570
A-001360,A,C-001367,C,V002570
B-001391,B,C-001367,C,V002570
A-001361,A,B-001392,B,V002571
A-001361,A,C-001368,C,V002571
B-001392,B,C-001368,C,V002571
A-001362,A,B-001395,B,V002575
A-001362,A,C-001370,C,V002575
B-001395,B,C-001370,C,V002575
C-001372,C,A-001364,A,V002578
B-001397,B,C-001373,C,V002580
C-001376,C,A-001366,A,V002585
C-001378,C,A-001370,A,V002595
A-001371,A,B-001404,B,V002596
A-001371,A,C-001379,C,V002596
B-001404,B,C-001379,C,V002596
A-001372,A,C-001380,C,V002597
B-001406,B,C-001382,C,V002602
A-001375,A,B-001407,B,V002603
A-001375,A,C-001383,C,V002603
B-001407,B,C-001383,C,V002603
A-001376,A,B-001409,B,V002605
A-001376,A,C-001384,C,V002605
B-001409,B,C-001384,C,V002605
A-001377,A,B-001410,B,V002606
B-001411,B,A-001378,A,V002607
A-001379,A,B-001412,B,V002608
A-001380,A,B-001414,B,V002612
A-001380,A,C-001387,C,V002612
B-001414,B,C-001387,C,V002612
B-001417,B,C-001390,C,V002618
A-001382,A,B-001419,B,V002620
A-001382,A,C-001391,C,V002620
B-001419,B,C-001391,C,V002620
B-001421,B,A-001384,A,V002624
B-001422,B,A-001385,A,V002625
C-001393,C,B-001423,B,V002626
C-001396,C,A-001387,A,V002632
C-001397,C,B-001426,B,V002634
A-001389,A,C-001398,C,V002635
C-001399,C,A-001390,A,V002636
C-001400,C,A-001391,A,V002637
B-001427,B,A-001392,A,V002638
A-001393,A,B-001428,B,V002640
C-001402,C,A-001394,A,V002641
C-001403,C,A-001395,A,V002642
A-001400,A,B-001430,B,V002649
A-001400,A,C-001405,C,V002649
B-001430,B,C-001405,C,V002649
A-001401,A,B-001432,B,V002651
A-001401,A,C-001406,C,V002651
B-001432,B,C-001406,C,V002651
C-001407,C,B-001433,B,V002652
C-001408,C,B-001434,B,V002653
A-001402,A,B-001435,B,V002654
A-001402,A,C-001409,C,V002654
B-001435,B,C-001409,C,V002654
B-001436,B,A-001403,A,V002655
A-001404,A,C-001410,C,V002656
C-001411,C,A-001405,A,V002657
A-001406,A,B-001437,B,V002659
C-001413,C,B-001439,B,V002661
B-001441,B,C-001415,C,V002664
A-001407,A,C-001416,C,V002665
A-001409,A,B-001442,B,V002667
A-001410,A,B-001443,B,V002669
A-001410,A,C-001418,C,V002669
B-001443,B,C-001418,C,V002669
A-001411,A,B-001444,B,V002670
A-001412,A,B-001445,B,V002671
A-001412,A,C-001419,C,V002671
B-001445,B,C-001419,C,V002671
A-001414,A,B-001446,B,V002674
A-001414,A,C-001421,C,V002674
B-001446,B,C-001421,C,V002674
B-001447,B,C-001427,C,V002680
A-001415,A,B-001448,B,V002681
C-001428,C,B-001449,B,V002682
A-001416,A,B-001450,B,V002683
A-001416,A,C-001429,C,V002683
B-001450,B,C-001429,C,V002683
A-001417,A,B-001452,B,V002686
C-001431,C,B-001454,B,V002688
B-001455,B,A-001418,A,V002689
B-001456,B,C-001433,C,V002692
A-001421,A,B-001457,B,V002694
A-001421,A,C-001434,C,V002694
B-001457,B,C-001434,C,V002694
C-001435,C,A-001422,A,V002695
B-001458,B,C-001436,C,V002697
A-001424,A,B-001459,B,V002698
A-001424,A,C-001437,C,V002698
B-001459,B,C-001437,C,V002698
A-001425,A,C-001439,C,V002702
A-001427,A,B-001462,B,V002705
A-001427,A,C-001441,C,V002705
B-001462,B,C-001441,C,V002705
A-001428,A,C-001442,C,V002706
A-001429,A,C-001443,C,V002708
B-001464,B,A-001430,A,V002709
C-001444,C,A-001432,A,V002711
A-001434,A,B-001465,B,V002713
A-001434,A,C-001445,C,V002713
B-001465,B,C-001445,C,V002713
A-001435,A,B-001467,B,V002715
A-001436,A,B-001468,B,V002717
A-001436,A,C-001447,C,V002717
B-001468,B,C-001447,C,V002717
C-001448,C,B-001469,B,V002718
B-001470,B,C-001449,C,V002720
A-001438,A,B-001471,B,V002722
A-001438,A,C-001451,C,V002722
B-001471,B,C-001451,C,V002722
B-001472,B,C-001452,C,V002723
A-001439,A,C-001453,C,V002724
B-001473,B,A-001442,A,V002728
A-001443,A,B-001475,B,V002730
A-001443,A,C-001455,C,V002730
B-001475,B,C-001455,C,V002730
A-001445,A,B-001476,B,V002733
A-001445,A,C-001457,C,V002733
B-001476,B,C-001457,C,V002733
A-001446,A,B-001477,B,V002736
A-001446,A,C-001460,C,V002736
B-001477,B,C-001460,C,V002736
C-001461,C,A-001447,A,V002738
B-001479,B,A-001448,A,V002739
A-001449,A,B-001482,B,V002742
A-001449,A,C-001462,C,V002742
B-001482,B,C-001462,C,V002742
A-001451,A,B-001483,B,V002746
A-001451,A,C-001465,C,V002746
B-001483,B,C-001465,C,V002746
A-001452,A,B-001485,B,V002749
A-001452,A,C-001467,C,V002749
B-001485,B,C-001467,C,V002749
A-001453,A,B-001486,B,V002750
A-001454,A,B-001487,B,V002751
A-001454,A,C-001468,C,V002751
B-001487,B,C-001468,C,V002751
A-001455,A,B-001488,B,V002752
A-001455,A,C-001469,C,V002752
B-001488,B,C-001469,C,V002752
C-001470,C,A-001456,A,V002753
A-001457,A,B-001489,B,V002754
A-001457,A,C-001471,C,V002754
B-001489,B,C-001471,C,V002754
C-001473,C,A-001463,A,V002764
A-001464,A,B-001493,B,V002765
C-001474,C,A-001465,A,V002766
A-001467,A,B-001495,B,V002770
A-001467,A,C-001476,C,V002770
B-001495,B,C-001476,C,V002770
A-001471,A,B-001496,B,V002774
C-001477,C,A-001472,A,V002775
A-001473,A,B-001497,B,V002776
A-001473,A,C-001478,C,V002776
B-001497,B,C-001478,C,V002776
A-001476,A,B-001500,B,V002782
A-001478,A,B-001502,B,V002785
A-001479,A,B-001503,B,V002786
A-001479,A,C-001480,C,V002786
B-001503,B,C-001480,C,V002786
B-001504,B,A-001480,A,V002788
A-001481,A,B-001506,B,V002790
A-001481,A,C-001482,C,V002790
B-001506,B,C-001482,C,V002790
B-001507,B,A-001482,A,V002791
C-001484,C,B-001510,B,V002796
A-001485,A,B-001511,B,V002798
A-001485,A,C-001485,C,V002798
B-001511,B,C-001485,C,V002798
C-001486,C,A-001486,A,V002799
A-001487,A,C-001488,C,V002802
A-001488,A,B-001513,B,V002803
A-001488,A,C-001489,C,V002803
B-001513,B,C-001489,C,V002803
C-001490,C,B-001514,B,V002804
A-001489,A,B-001515,B,V002805
A-001489,A,C-001491,C,V002805
B-001515,B,C-001491,C,V002805
A-001493,A,B-001516,B,V002811
A-001493,A,C-001494,C,V002811
B-001516,B,C-001494,C,V002811
A-001495,A,B-001519,B,V002817
A-001496,A,B-001520,B,V002818
A-001496,A,C-001497,C,V002818
B-001520,B,C-001497,C,V002818
A-001497,A,B-001521,B,V002819
A-001497,A,C-001498,C,V002819
B-001521,B,C-001498,C,V002819
C-001499,C,A-001498,A,V002820
B-001522,B,C-001500,C,V002821
A-001499,A,B-001523,B,V002822
A-001499,A,C-001501,C,V002822
B-001523,B,C-001501,C,V002822
C-001502,C,A-001500,A,V002823
C-001503,C,B-001524,B,V002824
A-001501,A,B-001525,B,V002825
A-001501,A,C-001504,C,V002825
B-001525,B,C-001504,C,V002825
A-001502,A,B-001526,B,V002826
A-001502,A,C-001505,C,V002826
B-001526,B,C-001505,C,V002826
C-001508,C,B-001527,B,V002829
A-001505,A,B-001529,B,V002834
A-001505,A,C-001510,C,V002834
B-001529,B,C-001510,C,V002834
B-001530,B,C-001511,C,V002836
A-001507,A,B-001531,B,V002837
C-001514,C,A-001508,A,V002840
B-001532,B,A-001509,A,V002842
A-001512,A,B-001535,B,V002848
A-001513,A,B-001536,B,V002849
A-001513,A,C-001517,C,V002849
B-001536,B,C-001517,C,V002849
A-001514,A,B-001537,B,V002850
A-001515,A,C-001520,C,V002855
A-001516,A,B-001540,B,V002856
A-001517,A,C-001521,C,V002857
A-001518,A,B-001541,B,V002859
A-001518,A,C-001523,C,V002859
B-001541,B,C-001523,C,V002859
A-001519,A,B-001542,B,V002860
A-001519,A,C-001524,C,V002860
B-001542,B,C-001524,C,V002860
B-001544,B,A-001521,A,V002863
C-001525,C,B-001547,B,V002867
A-001523,A,B-001549,B,V002869
A-001523,A,C-001526,C,V002869
B-001549,B,C-001526,C,V002869
B-001551,B,C-001527,C,V002871
A-001524,A,B-001552,B,V002872
A-001524,A,C-001528,C,V002872
B-001552,B,C-001528,C,V002872
A-001525,A,B-001553,B,V002873
A-001525,A,C-001529,C,V002873
B-001553,B,C-001529,C,V002873
A-001526,A,B-001555,B,V002875
A-001528,A,B-001556,B,V002877
A-001528,A,C-001530,C,V002877
B-001556,B,C-001530,C,V002877
A-001529,A,B-001558,B,V002882
A-001530,A,C-001534,C,V002883
A-001532,A,B-001559,B,V002886
A-001532,A,C-001536,C,V002886
B-001559,B,C-001536,C,V002886
A-001533,A,B-001560,B,V002887
A-001533,A,C-001537,C,V002887
B-001560,B,C-001537,C,V002887
C-001538,C,B-001561,B,V002888
C-001539,C,A-001535,A,V002890
C-001540,C,B-001562,B,V002891
B-001563,B,A-001537,A,V002893
A-001538,A,C-001541,C,V002896
A-001539,A,B-001568,B,V002899
C-001542,C,A-001540,A,V002900
A-001542,A,B-001570,B,V002903
A-001542,A,C-001543,C,V002903
B-001570,B,C-001543,C,V002903
C-001544,C,A-001543,A,V002905
B-001572,B,C-001545,C,V002906
A-001545,A,B-001573,B,V002909
A-001545,A,C-001547,C,V002909
B-001573,B,C-001547,C,V002909
C-001548,C,A-001546,A,V002910
A-001547,A,B-001574,B,V002911
A-001547,A,C-001549,C,V002911
B-001574,B,C-001549,C,V002911
A-001548,A,B-001575,B,V002912
A-001548,A,C-001550,C,V002912
B-001575,B,C-001550,C,V002912
B-001576,B,A-001550,A,V002915
A-001552,A,C-001552,C,V002917
A-001553,A,B-001577,B,V002918
A-001553,A,C-001553,C,V002918
B-001577,B,C-001553,C,V002918
A-001554,A,B-001578,B,V002920
A-001554,A,C-001555,C,V002920
B-001578,B,C-001555,C,V002920
A-001555,A,B-001579,B,V002921
A-001555,A,C-001556,C,V002921
B-001579,B,C-001556,C,V002921
A-001556,A,B-001581,B,V002923
C-001557,C,A-001557,A,V002925
A-001558,A,B-001583,B,V002926
A-001558,A,C-001558,C,V002926
B-001583,B,C-001558,C,V002926
A-001559,A,B-001584,B,V002928
A-001559,A,C-001560,C,V002928
B-001584,B,C-001560,C,V002928
A-001560,A,B-001585,B,V002929
A-001560,A,C-001561,C,V002929
B-001585,B,C-001561,C,V002929
A-001561,A,B-001586,B,V002930
A-001561,A,C-001562,C,V002930
B-001586,B,C-001562,C,V002930
C-001563,C,B-001587,B,V002931
C-001564,C,A-001562,A,V002933
C-001565,C,A-001563,A,V002934
B-001589,B,C-001566,C,V002936
A-001565,A,C-001568,C,V002939
A-001566,A,B-001592,B,V002942
A-001566,A,C-001570,C,V002942
B-001592,B,C-001570,C,V002942
B-001593,B,C-001571,C,V002943
A-001567,A,C-001572,C,V002945
C-001573,C,A-001568,A,V002946
C-001574,C,B-001596,B,V002948
A-001570,A,B-001601,B,V002954
A-001570,A,C-001575,C,V002954
B-001601,B,C-001575,C,V002954
A-001571,A,B-001602,B,V002955
C-001576,C,A-001573,A,V002957
A-001575,A,B-001603,B,V002959
A-001575,A,C-001577,C,V002959
B-001603,B,C-001577,C,V002959
A-001578,A,B-001605,B,V002963
A-001578,A,C-001578,C,V002963
B-001605,B,C-001578,C,V002963
C-001579,C,B-001606,B,V002964
A-001580,A,B-001608,B,V002967
A-001581,A,B-001609,B,V002968
A-001581,A,C-001580,C,V002968
B-001609,B,C-001580,C,V002968
A-001583,A,B-001610,B,V002970
A-001583,A,C-001581,C,V002970
B-001610,B,C-001581,C,V002970
A-001584,A,B-001611,B,V002971
A-001584,A,C-001582,C,V002971
B-001611,B,C-001582,C,V002971
A-001585,A,B-001612,B,V002972
C-001583,C,A-001586,A,V002973
B-001613,B,A-001587,A,V002974
B-001615,B,A-001589,A,V002978
B-001616,B,A-001590,A,V002980
C-001586,C,A-001591,A,V002981
A-001592,A,B-001617,B,V002982
A-001592,A,C-001587,C,V002982
B-001617,B,C-001587,C,V002982
A-001593,A,C-001588,C,V002983
A-001594,A,C-001589,C,V002984
B-001618,B,A-001597,A,V002987
A-001599,A,B-001619,B,V002989
A-001599,A,C-001590,C,V002989
B-001619,B,C-001590,C,V002989
A-001600,A,B-001620,B,V002990
A-001600,A,C-001591,C,V002990
B-001620,B,C-001591,C,V002990
A-001601,A,B-001621,B,V002991
C-001593,C,A-001602,A,V002993
A-001603,A,B-001623,B,V002996
A-001604,A,B-001624,B,V002998
A-001604,A,C-001596,C,V002998
B-001624,B,C-001596,C,V002998
A-001605,A,B-001625,B,V002999
A-001605,A,C-001597,C,V002999
B-001625,B,C-001597,C,V002999
B-001626,B,C-001598,C,V003000
A-001607,A,B-001629,B,V003005
A-001607,A,C-001600,C,V003005
B-001629,B,C-001600,C,V003005
A-001608,A,B-001630,B,V003006
A-001608,A,C-001601,C,V003006
B-001630,B,C-001601,C,V003006
B-001631,B,C-001602,C,V003007
B-001633,B,C-001604,C,V003011
B-001634,B,C-001605,C,V003012
C-001606,C,A-001610,A,V003013
A-001611,A,B-001641,B,V003020
A-001611,A,C-001607,C,V003020
B-001641,B,C-001607,C,V003020
B-001642,B,C-001610,C,V003023
A-001612,A,B-001643,B,V003025
A-001612,A,C-001612,C,V003025
B-001643,B,C-001612,C,V003025
A-001613,A,C-001615,C,V003028
A-001614,A,B-001644,B,V003029
A-001614,A,C-001616,C,V003029
B-001644,B,C-001616,C,V003029
C-001618,C,A-001615,A,V003033
C-001619,C,A-001616,A,V003034
A-001618,A,B-001647,B,V003036
A-001618,A,C-001620,C,V003036
B-001647,B,C-001620,C,V003036
B-001648,B,A-001619,A,V003037
A-001621,A,B-001649,B,V003039
A-001621,A,C-001621,C,V003039
B-001649,B,C-001621,C,V003039
A-001623,A,C-001622,C,V003041
C-001623,C,A-001625,A,V003043
C-001624,C,A-001627,A,V003047
A-001628,A,B-001653,B,V003050
A-001629,A,B-001654,B,V003051
A-001629,A,C-001626,C,V003051
B-001654,B,C-001626,C,V003051
C-001628,C,B-001655,B,V003053
C-001630,C,A-001630,A,V003055
A-001631,A,B-001656,B,V003057
B-001657,B,A-001632,A,V003058
