record_id,source,vendor_id,confusable_group_id
B-000001,B,V000000,
C-000001,C,V000001,
A-000001,A,V000001,
A-000002,A,V000002,
B-000002,B,V000002,
C-000002,C,V000002,
B-000003,B,V000003,
C-000003,C,V000004,
A-000003,A,V000004,
A-000004,A,V000005,
C-000004,C,V000005,
B-000004,B,V000006,
A-000005,A,V000007,
B-000005,B,V000007,
C-000005,C,V000008,
A-000006,A,V000008,
B-000006,B,V000009,
A-000007,A,V000010,
A-000008,A,V000011,
B-000007,B,V000011,
C-000006,C,V000011,
C-000007,C,V000012,
A-000009,A,V000012,
A-000010,A,V000013,
C-000008,C,V000014,
B-000008,B,V000015,
B-000009,B,V000016,
A-000011,A,V000017,
A-000012,A,V000018,
A-000013,A,V000019,
B-000010,B,V000019,
C-000009,C,V000019,
B-000011,B,V000020,
B-000012,B,V000021,
A-000014,A,V000022,
B-000013,B,V000022,
C-000010,C,V000022,
A-000015,A,V000023,
B-000014,B,V000024,
A-000016,A,V000024,
C-000011,C,V000025,
B-000015,B,V000026,
C-000012,C,V000027,
A-000017,A,V000028,
B-000016,B,V000028,
C-000013,C,V000029,
A-000018,A,V000029,
A-000019,A,V000030,
B-000017,B,V000031,
A-000020,A,V000032,
C-000014,C,V000033,
B-000018,B,V000033,
A-000021,A,V000034,
B-000019,B,V000035,
A-000022,A,V000036,
B-000020,B,V000036,
C-000015,C,V000036,
B-000021,B,V000037,
C-000016,C,V000038,
A-000023,A,V000038,
A-000024,A,V000039,
B-000022,B,V000039,
C-000017,C,V000039,
B-000023,B,V000040,
A-000025,A,V000040,
B-000024,B,V000041,
B-000025,B,V000042,
B-000026,B,V000043,
A-000026,A,V000043,
A-000027,A,V000044,
B-000027,B,V000045,
B-000028,B,V000046,
C-000018,C,V000047,
A-000028,A,V000048,
C-000019,C,V000049,
A-000029,A,V000050,
B-000029,B,V000050,
C-000020,C,V000050,
A-000030,A,V000051,
C-000021,C,V000052,
C-000022,C,V000053,
B-000030,B,V000053,
B-000031,B,V000054,
C-000023,C,V000055,
A-000031,A,V000056,
B-000032,B,V000056,
C-000024,C,V000056,
A-000032,A,V000057,
B-000033,B,V000058,
C-000025,C,V000058,
A-000033,A,V000059,
A-000034,A,V000060,
B-000034,B,V000060,
C-000026,C,V000060,
B-000035,B,V000061,
A-000035,A,V000062,
B-000036,B,V000062,
C-000027,C,V000062,
A-000036,A,V000063,
A-000037,A,V000064,
A-000038,A,V000065,
B-000037,B,V000065,
B-000038,B,V000066,
C-000028,C,V000067,
C-000029,C,V000068,
B-000039,B,V000069,
A-000039,A,V000070,
C-000030,C,V000071,
A-000040,A,V000072,
B-000040,B,V000073,
C-000031,C,V000074,
A-000041,A,V000075,
C-000032,C,V000075,
B-000041,B,V000076,
A-000042,A,V000077,
B-000042,B,V000077,
C-000033,C,V000077,
B-000043,B,V000078,
C-000034,C,V000079,
A-000043,A,V000079,
C-000035,C,V000080,
C-000036,C,V000081,
A-000044,A,V000082,
B-000044,B,V000082,
C-000037,C,V000082,
B-000045,B,V000083,
A-000045,A,V000084,
B-000046,B,V000084,
C-000038,C,V000084,
C-000039,C,V000085,
C-000040,C,V000086,
C-000041,C,V000087,
A-000046,A,V000087,
C-000042,C,V000088,
B-000047,B,V000089,
A-000047,A,V000090,
A-000048,A,V000091,
B-000048,B,V000092,
A-000049,A,V000093,
B-000049,B,V000093,
A-000050,A,V000094,
A-000051,A,V000095,
B-000050,B,V000095,
C-000043,C,V000095,
C-000044,C,V000096,
B-000051,B,V000096,
B-000052,B,V000097,
C-000045,C,V000097,
A-000052,A,V000098,
B-000053,B,V000099,
B-000054,B,V000100,
B-000055,B,V000101,
A-000053,A,V000102,
C-000046,C,V000102,
A-000054,A,V000103,
C-000047,C,V000104,
A-000055,A,V000104,
B-000056,B,V000105,
C-000048,C,V000106,
B-000057,B,V000106,
A-000056,A,V000107,
C-000049,C,V000107,
C-000050,C,V000108,
A-000057,A,V000108,
A-000058,A,V000109,
C-000051,C,V000110,
A-000059,A,V000111,
B-000058,B,V000111,
C-000052,C,V000111,
B-000059,B,V000112,
A-000060,A,V000113,
B-000060,B,V000113,
C-000053,C,V000113,
C-000054,C,V000114,
A-000061,A,V000114,
A-000062,A,V000115,
C-000055,C,V000116,
A-000063,A,V000117,
B-000061,B,V000117,
A-000064,A,V000118,
B-000062,B,V000118,
B-000063,B,V000119,
B-000064,B,V000120,CG0055
C-000056,C,V000121,
A-000065,A,V000121,
A-000066,A,V000122,
A-000067,A,V000123,
A-000068,A,V000124,
B-000065,B,V000124,
C-000057,C,V000124,
A-000069,A,V000125,
C-000058,C,V000125,
C-000059,C,V000126,
A-000070,A,V000127,
A-000071,A,V000128,
B-000066,B,V000128,
C-000060,C,V000128,
C-000061,C,V000129,
A-000072,A,V000129,
B-000067,B,V000130,
B-000068,B,V000131,
C-000062,C,V000131,
A-000073,A,V000132,
C-000063,C,V000133,
B-000069,B,V000134,
B-000070,B,V000135,
C-000064,C,V000136,
C-000065,C,V000137,
B-000071,B,V000137,
B-000072,B,V000138,
C-000066,C,V000138,
C-000067,C,V000139,
A-000074,A,V000139,
A-000075,A,V000140,
B-000073,B,V000140,
C-000068,C,V000140,
B-000074,B,V000141,
A-000076,A,V000141,
C-000069,C,V000142,
B-000075,B,V000143,
C-000070,C,V000144,
B-000076,B,V000145,
C-000071,C,V000145,
A-000077,A,V000146,
C-000072,C,V000147,
B-000077,B,V000148,
C-000073,C,V000149,
A-000078,A,V000150,
B-000078,B,V000150,
C-000074,C,V000150,
B-000079,B,V000151,
A-000079,A,V000152,
A-000080,A,V000153,
B-000080,B,V000154,
B-000081,B,V000155,
C-000075,C,V000155,
A-000081,A,V000156,
C-000076,C,V000156,
C-000077,C,V000157,
B-000082,B,V000158,
A-000082,A,V000158,
C-000078,C,V000159,
B-000083,B,V000159,
B-000084,B,V000160,
A-000083,A,V000161,
B-000085,B,V000162,
B-000086,B,V000163,
C-000079,C,V000164,
B-000087,B,V000165,
C-000080,C,V000165,
A-000084,A,V000166,
C-000081,C,V000167,
C-000082,C,V000168,
B-000088,B,V000169,
A-000085,A,V000169,
B-000089,B,V000170,
C-000083,C,V000170,
B-000090,B,V000171,
A-000086,A,V000171,
B-000091,B,V000172,
A-000087,A,V000173,
C-000084,C,V000174,
B-000092,B,V000174,
C-000085,C,V000175,
A-000088,A,V000176,
C-000086,C,V000176,
C-000087,C,V000177,
A-000089,A,V000177,
C-000088,C,V000178,
A-000090,A,V000178,
B-000093,B,V000179,
C-000089,C,V000180,
A-000091,A,V000181,
B-000094,B,V000182,
C-000090,C,V000182,
C-000091,C,V000183,
B-000095,B,V000183,
A-000092,A,V000184,
B-000096,B,V000184,
C-000092,C,V000184,
A-000093,A,V000185,
B-000097,B,V000185,
C-000093,C,V000185,
B-000098,B,V000186,
A-000094,A,V000186,
C-000094,C,V000187,
B-000099,B,V000187,
B-000100,B,V000188,
A-000095,A,V000188,
C-000095,C,V000189,
A-000096,A,V000190,
B-000101,B,V000190,
C-000096,C,V000190,
C-000097,C,V000191,
B-000102,B,V000192,
A-000097,A,V000192,
A-000098,A,V000193,
B-000103,B,V000193,
C-000098,C,V000193,
A-000099,A,V000194,
B-000104,B,V000194,
C-000099,C,V000194,
C-000100,C,V000195,
C-000101,C,V000196,
B-000105,B,V000196,
B-000106,B,V000197,
C-000102,C,V000197,
A-000100,A,V000198,
B-000107,B,V000199,
A-000101,A,V000199,
B-000108,B,V000200,
B-000109,B,V000201,
C-000103,C,V000201,
C-000104,C,V000202,
A-000102,A,V000203,
A-000103,A,V000204,
B-000110,B,V000205,
A-000104,A,V000206,
C-000105,C,V000206,
B-000111,B,V000207,
A-000105,A,V000208,
B-000112,B,V000208,
C-000106,C,V000208,
A-000106,A,V000209,
B-000113,B,V000209,
C-000107,C,V000209,
B-000114,B,V000210,
A-000107,A,V000210,
B-000115,B,V000211,
B-000116,B,V000212,
C-000108,C,V000212,
A-000108,A,V000213,
A-000109,A,V000214,
C-000109,C,V000215,
A-000110,A,V000215,
B-000117,B,V000216,
C-000110,C,V000216,
A-000111,A,V000217,
B-000118,B,V000217,
C-000111,C,V000217,
A-000112,A,V000218,
C-000112,C,V000218,
C-000113,C,V000219,
B-000119,B,V000219,
B-000120,B,V000220,
A-000113,A,V000221,
B-000121,B,V000221,
C-000114,C,V000221,
C-000115,C,V000222,
B-000122,B,V000223,
C-000116,C,V000223,
C-000117,C,V000224,
A-000114,A,V000225,
B-000123,B,V000225,
C-000118,C,V000225,
B-000124,B,V000226,
C-000119,C,V000227,
A-000115,A,V000227,
C-000120,C,V000228,
B-000125,B,V000228,
B-000126,B,V000229,
A-000116,A,V000229,
C-000121,C,V000230,
A-000117,A,V000231,
B-000127,B,V000231,
C-000122,C,V000231,
B-000128,B,V000232,
C-000123,C,V000232,
B-000129,B,V000233,
A-000118,A,V000234,
C-000124,C,V000235,
B-000130,B,V000235,
C-000125,C,V000236,
B-000131,B,V000236,
B-000132,B,V000237,
C-000126,C,V000238,
A-000119,A,V000238,
B-000133,B,V000239,
A-000120,A,V000239,
A-000121,A,V000240,
A-000122,A,V000241,
A-000123,A,V000242,
B-000134,B,V000242,
C-000127,C,V000242,
A-000124,A,V000243,
B-000135,B,V000244,
C-000128,C,V000244,
A-000125,A,V000245,
C-000129,C,V000246,
A-000126,A,V000246,
B-000136,B,V000247,
A-000127,A,V000247,
C-000130,C,V000248,
A-000128,A,V000249,
A-000129,A,V000250,
B-000137,B,V000250,
A-000130,A,V000251,
B-000138,B,V000251,
C-000131,C,V000251,
A-000131,A,V000252,
B-000139,B,V000252,
C-000132,C,V000252,
A-000132,A,V000253,
B-000140,B,V000253,
B-000141,B,V000254,
C-000133,C,V000254,
B-000142,B,V000255,
A-000133,A,V000256,
C-000134,C,V000256,
B-000143,B,V000257,
A-000134,A,V000257,
A-000135,A,V000258,
C-000135,C,V000258,
B-000144,B,V000259,
B-000145,B,V000260,
C-000136,C,V000261,
A-000136,A,V000261,
C-000137,C,V000262,
B-000146,B,V000263,
B-000147,B,V000264,
B-000148,B,V000265,
B-000149,B,V000266,
A-000137,A,V000267,
B-000150,B,V000267,
C-000138,C,V000267,
A-000138,A,V000268,
C-000139,C,V000268,
A-000139,A,V000269,
B-000151,B,V000269,
C-000140,C,V000269,
B-000152,B,V000270,
C-000141,C,V000270,
B-000153,B,V000271,
B-000154,B,V000272,
C-000142,C,V000272,
C-000143,C,V000273,
C-000144,C,V000274,
A-000140,A,V000274,
C-000145,C,V000275,
A-000141,A,V000276,
B-000155,B,V000276,
C-000146,C,V000277,CG0047
A-000142,A,V000278,
A-000143,A,V000279,
C-000147,C,V000280,
A-000144,A,V000281,
B-000156,B,V000282,
A-000145,A,V000282,
C-000148,C,V000283,
C-000149,C,V000284,
A-000146,A,V000285,
C-000150,C,V000285,
A-000147,A,V000286,
C-000151,C,V000286,
A-000148,A,V000287,
B-000157,B,V000287,
C-000152,C,V000287,
C-000153,C,V000288,
C-000154,C,V000289,
A-000149,A,V000289,
A-000150,A,V000290,
B-000158,B,V000290,
C-000155,C,V000290,
B-000159,B,V000291,
C-000156,C,V000291,
A-000151,A,V000292,
B-000160,B,V000293,
C-000157,C,V000293,
C-000158,C,V000294,
B-000161,B,V000294,
A-000152,A,V000295,
A-000153,A,V000296,
B-000162,B,V000297,
A-000154,A,V000298,
B-000163,B,V000298,
C-000159,C,V000298,
B-000164,B,V000299,
A-000155,A,V000300,
A-000156,A,V000301,
A-000157,A,V000302,
B-000165,B,V000302,
C-000160,C,V000303,
A-000158,A,V000304,
C-000161,C,V000304,
A-000159,A,V000305,
B-000166,B,V000305,
C-000162,C,V000305,
A-000160,A,V000306,
C-000163,C,V000306,
C-000164,C,V000307,
B-000167,B,V000308,
A-000161,A,V000308,
A-000162,A,V000309,
B-000168,B,V000309,
C-000165,C,V000309,
C-000166,C,V000310,
A-000163,A,V000311,
B-000169,B,V000312,
A-000164,A,V000312,
B-000170,B,V000313,
A-000165,A,V000313,
B-000171,B,V000314,
B-000172,B,V000315,
A-000166,A,V000316,
C-000167,C,V000316,
C-000168,C,V000317,
B-000173,B,V000318,
A-000167,A,V000318,
B-000174,B,V000319,
C-000169,C,V000319,
B-000175,B,V000320,
A-000168,A,V000320,
C-000170,C,V000321,
A-000169,A,V000321,
B-000176,B,V000322,
B-000177,B,V000323,
B-000178,B,V000324,
A-000170,A,V000324,
A-000171,A,V000325,
A-000172,A,V000326,
B-000179,B,V000326,
C-000171,C,V000326,
B-000180,B,V000327,
C-000172,C,V000327,
A-000173,A,V000328,
B-000181,B,V000328,
C-000173,C,V000328,
B-000182,B,V000329,
C-000174,C,V000329,
C-000175,C,V000330,
A-000174,A,V000331,
A-000175,A,V000332,
C-000176,C,V000333,
B-000183,B,V000334,
C-000177,C,V000335,
B-000184,B,V000336,
C-000178,C,V000336,
A-000176,A,V000337,
B-000185,B,V000337,
C-000179,C,V000337,
B-000186,B,V000338,
C-000180,C,V000339,
A-000177,A,V000340,
C-000181,C,V000341,
B-000187,B,V000342,
A-000178,A,V000342,
A-000179,A,V000343,
C-000182,C,V000343,
A-000180,A,V000344,
A-000181,A,V000345,
C-000183,C,V000346,
C-000184,C,V000347,
A-000182,A,V000348,
C-000185,C,V000348,
B-000188,B,V000349,
A-000183,A,V000349,
A-000184,A,V000350,
A-000185,A,V000351,
C-000186,C,V000351,
C-000187,C,V000352,
A-000186,A,V000353,
C-000188,C,V000353,
B-000189,B,V000354,
C-000189,C,V000354,
C-000190,C,V000355,
B-000190,B,V000355,
C-000191,C,V000356,
A-000187,A,V000357,
B-000191,B,V000357,
A-000188,A,V000358,
C-000192,C,V000358,
B-000192,B,V000359,CG0008
A-000189,A,V000359,CG0008
A-000190,A,V000360,
A-000191,A,V000361,
B-000193,B,V000361,
B-000194,B,V000362,
A-000192,A,V000362,
A-000193,A,V000363,
B-000195,B,V000363,
C-000193,C,V000363,
A-000194,A,V000364,
C-000194,C,V000365,
B-000196,B,V000365,
A-000195,A,V000366,
B-000197,B,V000366,
A-000196,A,V000367,
A-000197,A,V000368,
C-000195,C,V000369,
B-000198,B,V000369,
B-000199,B,V000370,
A-000198,A,V000371,
C-000196,C,V000371,
C-000197,C,V000372,
B-000200,B,V000372,
A-000199,A,V000373,
A-000200,A,V000374,
C-000198,C,V000374,
C-000199,C,V000375,
A-000201,A,V000375,
B-000201,B,V000376,
C-000200,C,V000376,
C-000201,C,V000377,
A-000202,A,V000378,
A-000203,A,V000379,
B-000202,B,V000379,
C-000202,C,V000379,
A-000204,A,V000380,
B-000203,B,V000380,
C-000203,C,V000380,
C-000204,C,V000381,
A-000205,A,V000381,
C-000205,C,V000382,
B-000204,B,V000383,
A-000206,A,V000383,
A-000207,A,V000384,
B-000205,B,V000385,
C-000206,C,V000385,
C-000207,C,V000386,
A-000208,A,V000387,
B-000206,B,V000387,
C-000208,C,V000387,
B-000207,B,V000388,
B-000208,B,V000389,
C-000209,C,V000390,
B-000209,B,V000391,
A-000209,A,V000391,
A-000210,A,V000392,
A-000211,A,V000393,
B-000210,B,V000393,
C-000210,C,V000393,
A-000212,A,V000394,
A-000213,A,V000395,
A-000214,A,V000396,
C-000211,C,V000397,
B-000211,B,V000397,
C-000212,C,V000398,
B-000212,B,V000399,
A-000215,A,V000399,
B-000213,B,V000400,
A-000216,A,V000400,
C-000213,C,V000401,
A-000217,A,V000402,
A-000218,A,V000403,
C-000214,C,V000404,
B-000214,B,V000405,
C-000215,C,V000406,
B-000215,B,V000407,
B-000216,B,V000408,
C-000216,C,V000409,
B-000217,B,V000409,
A-000219,A,V000410,
B-000218,B,V000410,
C-000217,C,V000410,
A-000220,A,V000411,
C-000218,C,V000412,
A-000221,A,V000413,
B-000219,B,V000414,
A-000222,A,V000415,
A-000223,A,V000416,
B-000220,B,V000416,
C-000219,C,V000417,
A-000224,A,V000417,
C-000220,C,V000418,
A-000225,A,V000418,
C-000221,C,V000419,
A-000226,A,V000420,
B-000221,B,V000421,
C-000222,C,V000421,
B-000222,B,V000422,
A-000227,A,V000423,
C-000223,C,V000423,
C-000224,C,V000424,
C-000225,C,V000425,
A-000228,A,V000426,
B-000223,B,V000426,
C-000226,C,V000426,
A-000229,A,V000427,
B-000224,B,V000427,
C-000227,C,V000427,
A-000230,A,V000428,
B-000225,B,V000428,
C-000228,C,V000428,
A-000231,A,V000429,
B-000226,B,V000430,
C-000229,C,V000431,
A-000232,A,V000431,
B-000227,B,V000432,
C-000230,C,V000433,
B-000228,B,V000434,
C-000231,C,V000434,
C-000232,C,V000435,
C-000233,C,V000436,
B-000229,B,V000436,
A-000233,A,V000437,
B-000230,B,V000437,
C-000234,C,V000437,
B-000231,B,V000438,
A-000234,A,V000439,
C-000235,C,V000440,
C-000236,C,V000441,
C-000237,C,V000442,
A-000235,A,V000443,
B-000232,B,V000443,
A-000236,A,V000444,
A-000237,A,V000445,
B-000233,B,V000445,
C-000238,C,V000445,
B-000234,B,V000446,
C-000239,C,V000447,
A-000238,A,V000447,
A-000239,A,V000448,
B-000235,B,V000448,
C-000240,C,V000448,
C-000241,C,V000449,
A-000240,A,V000450,
B-000236,B,V000451,
C-000242,C,V000452,
A-000241,A,V000452,
A-000242,A,V000453,
B-000237,B,V000453,
A-000243,A,V000454,
B-000238,B,V000454,
A-000244,A,V000455,
B-000239,B,V000455,
C-000243,C,V000455,
B-000240,B,V000456,
A-000245,A,V000457,
A-000246,A,V000458,
C-000244,C,V000459,
A-000247,A,V000459,
A-000248,A,V000460,
C-000245,C,V000460,
A-000249,A,V000461,
B-000241,B,V000461,
C-000246,C,V000461,
A-000250,A,V000462,
C-000247,C,V000463,
A-000251,A,V000463,
A-000252,A,V000464,
B-000242,B,V000464,
B-000243,B,V000465,
B-000244,B,V000466,
A-000253,A,V000467,
B-000245,B,V000468,
C-000248,C,V000469,
B-000246,B,V000470,
C-000249,C,V000470,
B-000247,B,V000471,
C-000250,C,V000472,
A-000254,A,V000472,
B-000248,B,V000473,
B-000249,B,V000474,
A-000255,A,V000475,
B-000250,B,V000475,
C-000251,C,V000475,
A-000256,A,V000476,
B-000251,B,V000477,
A-000257,A,V000478,
A-000258,A,V000479,
C-000252,C,V000480,
B-000252,B,V000481,
A-000259,A,V000482,
B-000253,B,V000482,
C-000253,C,V000482,
A-000260,A,V000483,
B-000254,B,V000484,CG0051
C-000254,C,V000485,
A-000261,A,V000486,
A-000262,A,V000487,
C-000255,C,V000488,
B-000255,B,V000488,
B-000256,B,V000489,
B-000257,B,V000490,
C-000256,C,V000490,
C-000257,C,V000491,
B-000258,B,V000491,
C-000258,C,V000492,
B-000259,B,V000493,
B-000260,B,V000494,
B-000261,B,V000495,
A-000263,A,V000496,
B-000262,B,V000496,
C-000259,C,V000496,
A-000264,A,V000497,
C-000260,C,V000497,
B-000263,B,V000498,
A-000265,A,V000499,
B-000264,B,V000499,
C-000261,C,V000499,
A-000266,A,V000500,
B-000265,B,V000500,
A-000267,A,V000501,
C-000262,C,V000502,
A-000268,A,V000502,
A-000269,A,V000503,
B-000266,B,V000504,
B-000267,B,V000505,
C-000263,C,V000505,
A-000270,A,V000506,
A-000271,A,V000507,
B-000268,B,V000507,
A-000272,A,V000508,
B-000269,B,V000508,
C-000264,C,V000508,
B-000270,B,V000509,
A-000273,A,V000510,
A-000274,A,V000511,
A-000275,A,V000512,
B-000271,B,V000512,
C-000265,C,V000512,
B-000272,B,V000513,
B-000273,B,V000514,
C-000266,C,V000514,
C-000267,C,V000515,
C-000268,C,V000516,
C-000269,C,V000517,
B-000274,B,V000518,
A-000276,A,V000519,
B-000275,B,V000519,
C-000270,C,V000519,
C-000271,C,V000520,
A-000277,A,V000520,
C-000272,C,V000521,
B-000276,B,V000521,
A-000278,A,V000522,
A-000279,A,V000523,
C-000273,C,V000523,
A-000280,A,V000524,
B-000277,B,V000524,
C-000274,C,V000525,
B-000278,B,V000526,
C-000275,C,V000526,
A-000281,A,V000527,
A-000282,A,V000528,
C-000276,C,V000528,
B-000279,B,V000529,
A-000283,A,V000529,
C-000277,C,V000530,
C-000278,C,V000531,
A-000284,A,V000531,
A-000285,A,V000532,
B-000280,B,V000532,
C-000279,C,V000532,
B-000281,B,V000533,
C-000280,C,V000534,
A-000286,A,V000535,
A-000287,A,V000536,
B-000282,B,V000536,
C-000281,C,V000536,
A-000288,A,V000537,
B-000283,B,V000538,
C-000282,C,V000538,
A-000289,A,V000539,CG0027
B-000284,B,V000540,
B-000285,B,V000541,
A-000290,A,V000542,
B-000286,B,V000542,
C-000283,C,V000542,
C-000284,C,V000543,
A-000291,A,V000544,
B-000287,B,V000544,
C-000285,C,V000544,
B-000288,B,V000545,
C-000286,C,V000545,
C-000287,C,V000546,
A-000292,A,V000547,
B-000289,B,V000547,
C-000288,C,V000547,
B-000290,B,V000548,
C-000289,C,V000549,
A-000293,A,V000550,
C-000290,C,V000550,
C-000291,C,V000551,
A-000294,A,V000552,
B-000291,B,V000552,
C-000292,C,V000552,
C-000293,C,V000553,CG0040
A-000295,A,V000554,
C-000294,C,V000554,
B-000292,B,V000555,
C-000295,C,V000556,
C-000296,C,V000557,
A-000296,A,V000558,
C-000297,C,V000558,
B-000293,B,V000559,
B-000294,B,V000560,
B-000295,B,V000561,
B-000296,B,V000562,CG0007
C-000298,C,V000562,CG0007
B-000297,B,V000563,
A-000297,A,V000563,
A-000298,A,V000564,
B-000298,B,V000565,CG0035
A-000299,A,V000566,
B-000299,B,V000566,
C-000299,C,V000566,
B-000300,B,V000567,CG0030
A-000300,A,V000567,CG0030
B-000301,B,V000568,
C-000300,C,V000568,
C-000301,C,V000569,
A-000301,A,V000570,
C-000302,C,V000570,
B-000302,B,V000571,
A-000302,A,V000571,
B-000303,B,V000572,
C-000303,C,V000572,
B-000304,B,V000573,
C-000304,C,V000573,
A-000303,A,V000574,
B-000305,B,V000574,
C-000305,C,V000574,
B-000306,B,V000575,
A-000304,A,V000575,
A-000305,A,V000576,
C-000306,C,V000576,
B-000307,B,V000577,
A-000306,A,V000578,
B-000308,B,V000578,
C-000307,C,V000578,
A-000307,A,V000579,
B-000309,B,V000580,
B-000310,B,V000581,
B-000311,B,V000582,
A-000308,A,V000583,
C-000308,C,V000584,
A-000309,A,V000585,
A-000310,A,V000586,
B-000312,B,V000586,
A-000311,A,V000587,
B-000313,B,V000587,
C-000309,C,V000587,
C-000310,C,V000588,
B-000314,B,V000588,
C-000311,C,V000589,
A-000312,A,V000590,
B-000315,B,V000590,
A-000313,A,V000591,
C-000312,C,V000591,
B-000316,B,V000592,
B-000317,B,V000593,
C-000313,C,V000593,
A-000314,A,V000594,CG0042
B-000318,B,V000594,CG0042
C-000314,C,V000594,CG0042
A-000315,A,V000595,
A-000316,A,V000596,CG0053
C-000315,C,V000597,
A-000317,A,V000597,
A-000318,A,V000598,
A-000319,A,V000599,
A-000320,A,V000600,
B-000319,B,V000600,
C-000316,C,V000600,
B-000320,B,V000601,
A-000321,A,V000602,
B-000321,B,V000602,
A-000322,A,V000603,
B-000322,B,V000603,
C-000317,C,V000603,
B-000323,B,V000604,
A-000323,A,V000604,
A-000324,A,V000605,
C-000318,C,V000605,
C-000319,C,V000606,
A-000325,A,V000607,
A-000326,A,V000608,
A-000327,A,V000609,
A-000328,A,V000610,
B-000324,B,V000611,
A-000329,A,V000612,
C-000320,C,V000612,
C-000321,C,V000613,
A-000330,A,V000614,
B-000325,B,V000615,
B-000326,B,V000616,
A-000331,A,V000617,
C-000322,C,V000617,
A-000332,A,V000618,
B-000327,B,V000618,
C-000323,C,V000618,
A-000333,A,V000619,
B-000328,B,V000620,
A-000334,A,V000621,CG0003
B-000329,B,V000622,
C-000324,C,V000622,
C-000325,C,V000623,
C-000326,C,V000624,
A-000335,A,V000624,
A-000336,A,V000625,CG0020
C-000327,C,V000626,
C-000328,C,V000627,
A-000337,A,V000627,
B-000330,B,V000628,
A-000338,A,V000628,
A-000339,A,V000629,
B-000331,B,V000629,
C-000329,C,V000629,
C-000330,C,V000630,
A-000340,A,V000631,
A-000341,A,V000632,
B-000332,B,V000632,
C-000331,C,V000632,
A-000342,A,V000633,
B-000333,B,V000633,
C-000332,C,V000633,
C-000333,C,V000634,
B-000334,B,V000635,
A-000343,A,V000635,
B-000335,B,V000636,
A-000344,A,V000637,
B-000336,B,V000637,
C-000334,C,V000637,
C-000335,C,V000638,
A-000345,A,V000639,
B-000337,B,V000640,
A-000346,A,V000640,
C-000336,C,V000641,
B-000338,B,V000642,
C-000337,C,V000643,
A-000347,A,V000643,
B-000339,B,V000644,
B-000340,B,V000645,
C-000338,C,V000646,
B-000341,B,V000647,CG0045
B-000342,B,V000648,
B-000343,B,V000649,
A-000348,A,V000650,
A-000349,A,V000651,
B-000344,B,V000651,
C-000339,C,V000651,
C-000340,C,V000652,
B-000345,B,V000652,
C-000341,C,V000653,
A-000350,A,V000654,
C-000342,C,V000655,
A-000351,A,V000656,
C-000343,C,V000656,
B-000346,B,V000657,
A-000352,A,V000658,
C-000344,C,V000658,
A-000353,A,V000659,
C-000345,C,V000660,
B-000347,B,V000661,
A-000354,A,V000661,
B-000348,B,V000662,
B-000349,B,V000663,
C-000346,C,V000663,
C-000347,C,V000664,
B-000350,B,V000664,
C-000348,C,V000665,
B-000351,B,V000666,
C-000349,C,V000666,
A-000355,A,V000667,
A-000356,A,V000668,
C-000350,C,V000668,
B-000352,B,V000669,
A-000357,A,V000670,
C-000351,C,V000671,
A-000358,A,V000672,
A-000359,A,V000673,
A-000360,A,V000674,
B-000353,B,V000674,
C-000352,C,V000674,
C-000353,C,V000675,
B-000354,B,V000676,
A-000361,A,V000677,
C-000354,C,V000677,
C-000355,C,V000678,
B-000355,B,V000678,
A-000362,A,V000679,
B-000356,B,V000679,
B-000357,B,V000680,
C-000356,C,V000680,
C-000357,C,V000681,
A-000363,A,V000682,
A-000364,A,V000683,
B-000358,B,V000683,
C-000358,C,V000683,
A-000365,A,V000684,
B-000359,B,V000684,
C-000359,C,V000684,
B-000360,B,V000685,
B-000361,B,V000686,
A-000366,A,V000687,
C-000360,C,V000688,
B-000362,B,V000689,
A-000367,A,V000689,
A-000368,A,V000690,
B-000363,B,V000691,
A-000369,A,V000692,
B-000364,B,V000693,
C-000361,C,V000693,
A-000370,A,V000694,
B-000365,B,V000695,
C-000362,C,V000696,
A-000371,A,V000697,
B-000366,B,V000697,
C-000363,C,V000697,
B-000367,B,V000698,
C-000364,C,V000698,
A-000372,A,V000699,
A-000373,A,V000700,
B-000368,B,V000700,
C-000365,C,V000701,
C-000366,C,V000702,
B-000369,B,V000702,
B-000370,B,V000703,
B-000371,B,V000704,
A-000374,A,V000705,
A-000375,A,V000706,
C-000367,C,V000706,
C-000368,C,V000707,
A-000376,A,V000707,
A-000377,A,V000708,
B-000372,B,V000708,
C-000369,C,V000708,
B-000373,B,V000709,
A-000378,A,V000710,
B-000374,B,V000711,
C-000370,C,V000712,
A-000379,A,V000713,
B-000375,B,V000713,
C-000371,C,V000713,
B-000376,B,V000714,
C-000372,C,V000714,
B-000377,B,V000715,
B-000378,B,V000716,
C-000373,C,V000716,
B-000379,B,V000717,
A-000380,A,V000717,
A-000381,A,V000718,
C-000374,C,V000718,
C-000375,C,V000719,
C-000376,C,V000720,
B-000380,B,V000720,
B-000381,B,V000721,
B-000382,B,V000722,
C-000377,C,V000723,
A-000382,A,V000724,
C-000378,C,V000724,
A-000383,A,V000725,
C-000379,C,V000726,
A-000384,A,V000727,
A-000385,A,V000728,
C-000380,C,V000728,
B-000383,B,V000729,
A-000386,A,V000729,
C-000381,C,V000730,
B-000384,B,V000730,
B-000385,B,V000731,
C-000382,C,V000732,
B-000386,B,V000732,
B-000387,B,V000733,
C-000383,C,V000734,
B-000388,B,V000735,
C-000384,C,V000736,
C-000385,C,V000737,
A-000387,A,V000738,
C-000386,C,V000738,
C-000387,C,V000739,
A-000388,A,V000739,
A-000389,A,V000740,
B-000389,B,V000740,
C-000388,C,V000741,
C-000389,C,V000742,
A-000390,A,V000743,
B-000390,B,V000743,
C-000390,C,V000743,
A-000391,A,V000744,
B-000391,B,V000744,
C-000391,C,V000744,
A-000392,A,V000745,
B-000392,B,V000745,
C-000392,C,V000745,
A-000393,A,V000746,
C-000393,C,V000746,
A-000394,A,V000747,
C-000394,C,V000748,
B-000393,B,V000749,
C-000395,C,V000749,
A-000395,A,V000750,
B-000394,B,V000751,
C-000396,C,V000751,
C-000397,C,V000752,
A-000396,A,V000752,
C-000398,C,V000753,
A-000397,A,V000754,CG0052
A-000398,A,V000755,
B-000395,B,V000756,
C-000399,C,V000757,
A-000399,A,V000758,
B-000396,B,V000758,
C-000400,C,V000758,
A-000400,A,V000759,
B-000397,B,V000760,
B-000398,B,V000761,
B-000399,B,V000762,
A-000401,A,V000762,
A-000402,A,V000763,
B-000400,B,V000763,
A-000403,A,V000764,
C-000401,C,V000764,
B-000401,B,V000765,
A-000404,A,V000766,
B-000402,B,V000766,
C-000402,C,V000766,
A-000405,A,V000767,
B-000403,B,V000767,
C-000403,C,V000767,
B-000404,B,V000768,
A-000406,A,V000769,
B-000405,B,V000769,
A-000407,A,V000770,
B-000406,B,V000770,
C-000404,C,V000770,
A-000408,A,V000771,
C-000405,C,V000771,
C-000406,C,V000772,
A-000409,A,V000773,
C-000407,C,V000774,
A-000410,A,V000775,
B-000407,B,V000775,
C-000408,C,V000775,
A-000411,A,V000776,
B-000408,B,V000776,
C-000409,C,V000776,
A-000412,A,V000777,
A-000413,A,V000778,
B-000409,B,V000779,
C-000410,C,V000779,
C-000411,C,V000780,
B-000410,B,V000780,
C-000412,C,V000781,
A-000414,A,V000781,
A-000415,A,V000782,
B-000411,B,V000782,
C-000413,C,V000782,
A-000416,A,V000783,
B-000412,B,V000784,
B-000413,B,V000785,
A-000417,A,V000786,
B-000414,B,V000786,
C-000414,C,V000786,
C-000415,C,V000787,
A-000418,A,V000788,
B-000415,B,V000789,
A-000419,A,V000790,
A-000420,A,V000791,
B-000416,B,V000791,
C-000416,C,V000791,
A-000421,A,V000792,
B-000417,B,V000792,
C-000417,C,V000792,
A-000422,A,V000793,
B-000418,B,V000793,
C-000418,C,V000793,
C-000419,C,V000794,
B-000419,B,V000795,
C-000420,C,V000796,
C-000421,C,V000797,
A-000423,A,V000798,
C-000422,C,V000798,
B-000420,B,V000799,
C-000423,C,V000800,
C-000424,C,V000801,
A-000424,A,V000802,
A-000425,A,V000803,
B-000421,B,V000803,
C-000425,C,V000803,
B-000422,B,V000804,
A-000426,A,V000805,
B-000423,B,V000805,
C-000426,C,V000805,
A-000427,A,V000806,
B-000424,B,V000806,
C-000427,C,V000806,
A-000428,A,V000807,
A-000429,A,V000808,
A-000430,A,V000809,
B-000425,B,V000809,
C-000428,C,V000809,
C-000429,C,V000810,
B-000426,B,V000810,
B-000427,B,V000811,
A-000431,A,V000811,
B-000428,B,V000812,
C-000430,C,V000812,
B-000429,B,V000813,
C-000431,C,V000813,
A-000432,A,V000814,
B-000430,B,V000814,
C-000432,C,V000814,
A-000433,A,V000815,
B-000431,B,V000815,
B-000432,B,V000816,
C-000433,C,V000817,
C-000434,C,V000818,
B-000433,B,V000818,
A-000434,A,V000819,
C-000435,C,V000820,
A-000435,A,V000820,
C-000436,C,V000821,
A-000436,A,V000821,
A-000437,A,V000822,
B-000434,B,V000823,
A-000438,A,V000823,
A-000439,A,V000824,
C-000437,C,V000825,
C-000438,C,V000826,
B-000435,B,V000826,
B-000436,B,V000827,
C-000439,C,V000827,
C-000440,C,V000828,CG0034
A-000440,A,V000829,
B-000437,B,V000830,
C-000441,C,V000830,
B-000438,B,V000831,
B-000439,B,V000832,
A-000441,A,V000833,
B-000440,B,V000833,
C-000442,C,V000833,
A-000442,A,V000834,
B-000441,B,V000834,
C-000443,C,V000834,
A-000443,A,V000835,
B-000442,B,V000835,
C-000444,C,V000835,
A-000444,A,V000836,
A-000445,A,V000837,
B-000443,B,V000837,
C-000445,C,V000837,
C-000446,C,V000838,
A-000446,A,V000838,
A-000447,A,V000839,
B-000444,B,V000839,
C-000447,C,V000839,
A-000448,A,V000840,
B-000445,B,V000840,
C-000448,C,V000840,
C-000449,C,V000841,
A-000449,A,V000842,
B-000446,B,V000842,
C-000450,C,V000842,
C-000451,C,V000843,
B-000447,B,V000844,
B-000448,B,V000845,
C-000452,C,V000846,CG0028
C-000453,C,V000847,
B-000449,B,V000848,
B-000450,B,V000849,
A-000450,A,V000849,
A-000451,A,V000850,
B-000451,B,V000851,
B-000452,B,V000852,
B-000453,B,V000853,
A-000452,A,V000854,
B-000454,B,V000854,
C-000454,C,V000854,
B-000455,B,V000855,
A-000453,A,V000855,
B-000456,B,V000856,
A-000454,A,V000857,
B-000457,B,V000857,
A-000455,A,V000858,
B-000458,B,V000858,
C-000455,C,V000858,
B-000459,B,V000859,
A-000456,A,V000860,
B-000460,B,V000860,
C-000456,C,V000860,
C-000457,C,V000861,
A-000457,A,V000862,
C-000458,C,V000862,
B-000461,B,V000863,
A-000458,A,V000864,
B-000462,B,V000864,
C-000459,C,V000864,
A-000459,A,V000865,
C-000460,C,V000866,
B-000463,B,V000866,
B-000464,B,V000867,
A-000460,A,V000867,
A-000461,A,V000868,
A-000462,A,V000869,
B-000465,B,V000870,
A-000463,A,V000871,
B-000466,B,V000871,
C-000461,C,V000871,
A-000464,A,V000872,
B-000467,B,V000872,
C-000462,C,V000872,
A-000465,A,V000873,
B-000468,B,V000873,
C-000463,C,V000873,
C-000464,C,V000874,
A-000466,A,V000874,
C-000465,C,V000875,
B-000469,B,V000876,
C-000466,C,V000876,
A-000467,A,V000877,
C-000467,C,V000877,
B-000470,B,V000878,
A-000468,A,V000878,
B-000471,B,V000879,
A-000469,A,V000880,
B-000472,B,V000880,
C-000468,C,V000880,
B-000473,B,V000881,
B-000474,B,V000882,
A-000470,A,V000882,
B-000475,B,V000883,
A-000471,A,V000884,
B-000476,B,V000885,
B-000477,B,V000886,
C-000469,C,V000886,
A-000472,A,V000887,
B-000478,B,V000887,
C-000470,C,V000887,
B-000479,B,V000888,
B-000480,B,V000889,
A-000473,A,V000890,
B-000481,B,V000890,
C-000471,C,V000890,
B-000482,B,V000891,
A-000474,A,V000892,
B-000483,B,V000892,
A-000475,A,V000893,
A-000476,A,V000894,
B-000484,B,V000895,
B-000485,B,V000896,
B-000486,B,V000897,
B-000487,B,V000898,
A-000477,A,V000899,
B-000488,B,V000899,
C-000472,C,V000899,
B-000489,B,V000900,
C-000473,C,V000900,
C-000474,C,V000901,
A-000478,A,V000902,
B-000490,B,V000902,
C-000475,C,V000902,
A-000479,A,V000903,
B-000491,B,V000904,
A-000480,A,V000905,
B-000492,B,V000906,
A-000481,A,V000906,
A-000482,A,V000907,
C-000476,C,V000907,
A-000483,A,V000908,
B-000493,B,V000909,
B-000494,B,V000910,
A-000484,A,V000910,
C-000477,C,V000911,
B-000495,B,V000912,
A-000485,A,V000913,
B-000496,B,V000913,
A-000486,A,V000914,
C-000478,C,V000915,
B-000497,B,V000916,
C-000479,C,V000916,
A-000487,A,V000917,
B-000498,B,V000917,
A-000488,A,V000918,
B-000499,B,V000918,
C-000480,C,V000918,
B-000500,B,V000919,
C-000481,C,V000919,
A-000489,A,V000920,
B-000501,B,V000920,
C-000482,C,V000920,
A-000490,A,V000921,
B-000502,B,V000921,
C-000483,C,V000921,
A-000491,A,V000922,
B-000503,B,V000922,
C-000484,C,V000922,
A-000492,A,V000923,CG0002
C-000485,C,V000923,CG0002
A-000493,A,V000924,
B-000504,B,V000924,
C-000486,C,V000924,
B-000505,B,V000925,
C-000487,C,V000925,
C-000488,C,V000926,
A-000494,A,V000926,
C-000489,C,V000927,
B-000506,B,V000928,
A-000495,A,V000929,
A-000496,A,V000930,
B-000507,B,V000930,
C-000490,C,V000930,
A-000497,A,V000931,CG0016
B-000508,B,V000931,CG0016
C-000491,C,V000931,CG0016
A-000498,A,V000932,
B-000509,B,V000933,
C-000492,C,V000934,
B-000510,B,V000935,
B-000511,B,V000936,
B-000512,B,V000937,
A-000499,A,V000937,
A-000500,A,V000938,
C-000493,C,V000939,
A-000501,A,V000939,
B-000513,B,V000940,
C-000494,C,V000941,
A-000502,A,V000942,
B-000514,B,V000942,
C-000495,C,V000943,
A-000503,A,V000943,
B-000515,B,V000944,
C-000496,C,V000945,
B-000516,B,V000946,
C-000497,C,V000947,
A-000504,A,V000947,
A-000505,A,V000948,
B-000517,B,V000948,
C-000498,C,V000948,
C-000499,C,V000949,
B-000518,B,V000950,
A-000506,A,V000951,
A-000507,A,V000952,
B-000519,B,V000952,
C-000500,C,V000952,
A-000508,A,V000953,
A-000509,A,V000954,
B-000520,B,V000954,
C-000501,C,V000954,
B-000521,B,V000955,
A-000510,A,V000955,
B-000522,B,V000956,
C-000502,C,V000957,
A-000511,A,V000957,
A-000512,A,V000958,
B-000523,B,V000958,
C-000503,C,V000958,
C-000504,C,V000959,
A-000513,A,V000960,
C-000505,C,V000961,
B-000524,B,V000962,
C-000506,C,V000962,
A-000514,A,V000963,
A-000515,A,V000964,
C-000507,C,V000964,
B-000525,B,V000965,
A-000516,A,V000965,
B-000526,B,V000966,
A-000517,A,V000966,
C-000508,C,V000967,
C-000509,C,V000968,
C-000510,C,V000969,
B-000527,B,V000969,
B-000528,B,V000970,
C-000511,C,V000970,
A-000518,A,V000971,
B-000529,B,V000971,
C-000512,C,V000971,
A-000519,A,V000972,
B-000530,B,V000972,
C-000513,C,V000972,
A-000520,A,V000973,
C-000514,C,V000974,
C-000515,C,V000975,
C-000516,C,V000976,
B-000531,B,V000977,
A-000521,A,V000978,
B-000532,B,V000979,
C-000517,C,V000979,
A-000522,A,V000980,
B-000533,B,V000980,
C-000518,C,V000980,
A-000523,A,V000981,
B-000534,B,V000981,
C-000519,C,V000981,
B-000535,B,V000982,
C-000520,C,V000982,
C-000521,C,V000983,
B-000536,B,V000983,
C-000522,C,V000984,CG0018
B-000537,B,V000984,CG0018
A-000524,A,V000985,
C-000523,C,V000985,
A-000525,A,V000986,
A-000526,A,V000987,
A-000527,A,V000988,
C-000524,C,V000988,
C-000525,C,V000989,
A-000528,A,V000990,
C-000526,C,V000991,
A-000529,A,V000992,
B-000538,B,V000992,
C-000527,C,V000992,
A-000530,A,V000993,
B-000539,B,V000994,
B-000540,B,V000995,
A-000531,A,V000996,
A-000532,A,V000997,
B-000541,B,V000997,
C-000528,C,V000997,
B-000542,B,V000998,
C-000529,C,V000998,
B-000543,B,V000999,
A-000533,A,V001000,
B-000544,B,V001000,
B-000545,B,V001001,
A-000534,A,V001001,
A-000535,A,V001002,
C-000530,C,V001003,
B-000546,B,V001003,
A-000536,A,V001004,
B-000547,B,V001004,
C-000531,C,V001004,
C-000532,C,V001005,
B-000548,B,V001005,
B-000549,B,V001006,
C-000533,C,V001007,
C-000534,C,V001008,
B-000550,B,V001008,
A-000537,A,V001009,
B-000551,B,V001010,
C-000535,C,V001011,
A-000538,A,V001011,
C-000536,C,V001012,
B-000552,B,V001013,
C-000537,C,V001014,
A-000539,A,V001015,
B-000553,B,V001015,
C-000538,C,V001015,
C-000539,C,V001016,
A-000540,A,V001017,
A-000541,A,V001018,
B-000554,B,V001019,
A-000542,A,V001020,
C-000540,C,V001021,
B-000555,B,V001021,
A-000543,A,V001022,
B-000556,B,V001022,
C-000541,C,V001022,
A-000544,A,V001023,
B-000557,B,V001023,
C-000542,C,V001023,
B-000558,B,V001024,
A-000545,A,V001024,
A-000546,A,V001025,
B-000559,B,V001025,
C-000543,C,V001025,
B-000560,B,V001026,
C-000544,C,V001026,
C-000545,C,V001027,
B-000561,B,V001027,
A-000547,A,V001028,
C-000546,C,V001028,
C-000547,C,V001029,
B-000562,B,V001030,
A-000548,A,V001031,
B-000563,B,V001032,
B-000564,B,V001033,
A-000549,A,V001034,
B-000565,B,V001034,
C-000548,C,V001034,
A-000550,A,V001035,
A-000551,A,V001036,
A-000552,A,V001037,
B-000566,B,V001037,
C-000549,C,V001037,
B-000567,B,V001038,
A-000553,A,V001039,
C-000550,C,V001040,
A-000554,A,V001041,
A-000555,A,V001042,
A-000556,A,V001043,
C-000551,C,V001043,
B-000568,B,V001044,
A-000557,A,V001045,
B-000569,B,V001045,
A-000558,A,V001046,
B-000570,B,V001046,
C-000552,C,V001046,
A-000559,A,V001047,
B-000571,B,V001047,
C-000553,C,V001047,
A-000560,A,V001048,
B-000572,B,V001048,
C-000554,C,V001048,
A-000561,A,V001049,
C-000555,C,V001049,
A-000562,A,V001050,
B-000573,B,V001050,
C-000556,C,V001050,
B-000574,B,V001051,
A-000563,A,V001052,
B-000575,B,V001052,
C-000557,C,V001052,
A-000564,A,V001053,
C-000558,C,V001053,
A-000565,A,V001054,
C-000559,C,V001054,
A-000566,A,V001055,
A-000567,A,V001056,
B-000576,B,V001056,
C-000560,C,V001056,
A-000568,A,V001057,
B-000577,B,V001057,
C-000561,C,V001057,
B-000578,B,V001058,
C-000562,C,V001059,
B-000579,B,V001059,
A-000569,A,V001060,
C-000563,C,V001060,
B-000580,B,V001061,
A-000570,A,V001061,
A-000571,A,V001062,
B-000581,B,V001063,
A-000572,A,V001064,
C-000564,C,V001064,
B-000582,B,V001065,
C-000565,C,V001065,
A-000573,A,V001066,
B-000583,B,V001067,
B-000584,B,V001068,
C-000566,C,V001068,
A-000574,A,V001069,
C-000567,C,V001069,
C-000568,C,V001070,
B-000585,B,V001070,
A-000575,A,V001071,
B-000586,B,V001071,
B-000587,B,V001072,
A-000576,A,V001073,
B-000588,B,V001073,
C-000569,C,V001073,
A-000577,A,V001074,
B-000589,B,V001074,
C-000570,C,V001074,
C-000571,C,V001075,
A-000578,A,V001076,
A-000579,A,V001077,
C-000572,C,V001078,
A-000580,A,V001078,
B-000590,B,V001079,
A-000581,A,V001080,
B-000591,B,V001081,
C-000573,C,V001082,
A-000582,A,V001082,
A-000583,A,V001083,
B-000592,B,V001083,
C-000574,C,V001083,
C-000575,C,V001084,
A-000584,A,V001085,
B-000593,B,V001085,
C-000576,C,V001085,
C-000577,C,V001086,
B-000594,B,V001086,
C-000578,C,V001087,
B-000595,B,V001088,
C-000579,C,V001088,
A-000585,A,V001089,
B-000596,B,V001089,
C-000580,C,V001089,
B-000597,B,V001090,
A-000586,A,V001091,
B-000598,B,V001091,
C-000581,C,V001091,
A-000587,A,V001092,
B-000599,B,V001092,
A-000588,A,V001093,
A-000589,A,V001094,
B-000600,B,V001094,
C-000582,C,V001094,
C-000583,C,V001095,
B-000601,B,V001095,
C-000584,C,V001096,
B-000602,B,V001096,
B-000603,B,V001097,
A-000590,A,V001097,
B-000604,B,V001098,
C-000585,C,V001099,
A-000591,A,V001100,
B-000605,B,V001100,
C-000586,C,V001101,
C-000587,C,V001102,
B-000606,B,V001102,
A-000592,A,V001103,
C-000588,C,V001103,
C-000589,C,V001104,
A-000593,A,V001105,
B-000607,B,V001105,
C-000590,C,V001106,
A-000594,A,V001106,
B-000608,B,V001107,
C-000591,C,V001107,
B-000609,B,V001108,
A-000595,A,V001108,
C-000592,C,V001109,
A-000596,A,V001110,
B-000610,B,V001110,
C-000593,C,V001110,
C-000594,C,V001111,
B-000611,B,V001112,
C-000595,C,V001112,
A-000597,A,V001113,
B-000612,B,V001113,
C-000596,C,V001113,
C-000597,C,V001114,
A-000598,A,V001114,
B-000613,B,V001115,
C-000598,C,V001116,
A-000599,A,V001116,
C-000599,C,V001117,
A-000600,A,V001117,
C-000600,C,V001118,
B-000614,B,V001119,
C-000601,C,V001119,
C-000602,C,V001120,
B-000615,B,V001121,
A-000601,A,V001122,
A-000602,A,V001123,
B-000616,B,V001124,
C-000603,C,V001125,
C-000604,C,V001126,
B-000617,B,V001127,
C-000605,C,V001127,
C-000606,C,V001128,
B-000618,B,V001128,
A-000603,A,V001129,
B-000619,B,V001129,
C-000607,C,V001129,
B-000620,B,V001130,
C-000608,C,V001130,
A-000604,A,V001131,
C-000609,C,V001131,
B-000621,B,V001132,
C-000610,C,V001133,
C-000611,C,V001134,
A-000605,A,V001135,
A-000606,A,V001136,
C-000612,C,V001137,
B-000622,B,V001137,
A-000607,A,V001138,
B-000623,B,V001138,
C-000613,C,V001138,
B-000624,B,V001139,
B-000625,B,V001140,
A-000608,A,V001141,
C-000614,C,V001141,
B-000626,B,V001142,
A-000609,A,V001143,
B-000627,B,V001143,
C-000615,C,V001143,
B-000628,B,V001144,
A-000610,A,V001145,
C-000616,C,V001146,
B-000629,B,V001147,CG0001
A-000611,A,V001148,
B-000630,B,V001148,
C-000617,C,V001148,
C-000618,C,V001149,
A-000612,A,V001150,
A-000613,A,V001151,
A-000614,A,V001152,
B-000631,B,V001152,
C-000619,C,V001152,
C-000620,C,V001153,
B-000632,B,V001154,
A-000615,A,V001155,
B-000633,B,V001155,
C-000621,C,V001155,
B-000634,B,V001156,
A-000616,A,V001156,
C-000622,C,V001157,
B-000635,B,V001157,
C-000623,C,V001158,
B-000636,B,V001158,
C-000624,C,V001159,
C-000625,C,V001160,
B-000637,B,V001161,
C-000626,C,V001161,
B-000638,B,V001162,
A-000617,A,V001163,
A-000618,A,V001164,
B-000639,B,V001164,
C-000627,C,V001164,
A-000619,A,V001165,
B-000640,B,V001165,
C-000628,C,V001165,
C-000629,C,V001166,
A-000620,A,V001166,
A-000621,A,V001167,
B-000641,B,V001167,
C-000630,C,V001167,
C-000631,C,V001168,
B-000642,B,V001168,
A-000622,A,V001169,
C-000632,C,V001169,
C-000633,C,V001170,
A-000623,A,V001171,
A-000624,A,V001172,
B-000643,B,V001172,
C-000634,C,V001172,
B-000644,B,V001173,
A-000625,A,V001174,
C-000635,C,V001175,
A-000626,A,V001176,
A-000627,A,V001177,
C-000636,C,V001178,
C-000637,C,V001179,
B-000645,B,V001179,
C-000638,C,V001180,
B-000646,B,V001181,
A-000628,A,V001181,
A-000629,A,V001182,
A-000630,A,V001183,
C-000639,C,V001184,
B-000647,B,V001185,
A-000631,A,V001186,
B-000648,B,V001187,
B-000649,B,V001188,
A-000632,A,V001189,
B-000650,B,V001189,
A-000633,A,V001190,
B-000651,B,V001190,
C-000640,C,V001190,
A-000634,A,V001191,
B-000652,B,V001191,
C-000641,C,V001192,
B-000653,B,V001193,
A-000635,A,V001194,
B-000654,B,V001195,
A-000636,A,V001196,
A-000637,A,V001197,
C-000642,C,V001198,
A-000638,A,V001198,
C-000643,C,V001199,
A-000639,A,V001200,
B-000655,B,V001201,
B-000656,B,V001202,
A-000640,A,V001203,
A-000641,A,V001204,
A-000642,A,V001205,
B-000657,B,V001205,
C-000644,C,V001205,
C-000645,C,V001206,
A-000643,A,V001207,
B-000658,B,V001207,
C-000646,C,V001207,
A-000644,A,V001208,
C-000647,C,V001208,
B-000659,B,V001209,
C-000648,C,V001210,
A-000645,A,V001211,
A-000646,A,V001212,
C-000649,C,V001213,
B-000660,B,V001213,
A-000647,A,V001214,
B-000661,B,V001214,
C-000650,C,V001214,
A-000648,A,V001215,
C-000651,C,V001215,
C-000652,C,V001216,
B-000662,B,V001216,
A-000649,A,V001217,
C-000653,C,V001217,
B-000663,B,V001218,
B-000664,B,V001219,
B-000665,B,V001220,
C-000654,C,V001220,
A-000650,A,V001221,
B-000666,B,V001221,
C-000655,C,V001222,
A-000651,A,V001223,
B-000667,B,V001224,
A-000652,A,V001225,
B-000668,B,V001225,
A-000653,A,V001226,
B-000669,B,V001226,
C-000656,C,V001226,
C-000657,C,V001227,
A-000654,A,V001228,
B-000670,B,V001228,
C-000658,C,V001228,
C-000659,C,V001229,
A-000655,A,V001230,
B-000671,B,V001230,
C-000660,C,V001230,
C-000661,C,V001231,
B-000672,B,V001231,
C-000662,C,V001232,
A-000656,A,V001233,
B-000673,B,V001233,
C-000663,C,V001233,
B-000674,B,V001234,
A-000657,A,V001235,
B-000675,B,V001235,
C-000664,C,V001235,
C-000665,C,V001236,
A-000658,A,V001237,
A-000659,A,V001238,
C-000666,C,V001238,
B-000676,B,V001239,
C-000667,C,V001239,
C-000668,C,V001240,
A-000660,A,V001240,
C-000669,C,V001241,
A-000661,A,V001241,
C-000670,C,V001242,CG0059
A-000662,A,V001243,
B-000677,B,V001244,
B-000678,B,V001245,
C-000671,C,V001245,
C-000672,C,V001246,
A-000663,A,V001247,
B-000679,B,V001247,
C-000673,C,V001247,
B-000680,B,V001248,
A-000664,A,V001249,
B-000681,B,V001249,
C-000674,C,V001249,
A-000665,A,V001250,
B-000682,B,V001251,
C-000675,C,V001251,
C-000676,C,V001252,
C-000677,C,V001253,
A-000666,A,V001253,
B-000683,B,V001254,
A-000667,A,V001255,
B-000684,B,V001255,
C-000678,C,V001255,
B-000685,B,V001256,
A-000668,A,V001257,
B-000686,B,V001257,
C-000679,C,V001257,
A-000669,A,V001258,
C-000680,C,V001258,
C-000681,C,V001259,
B-000687,B,V001260,
B-000688,B,V001261,
A-000670,A,V001261,
C-000682,C,V001262,
A-000671,A,V001262,
A-000672,A,V001263,
A-000673,A,V001264,
B-000689,B,V001264,
A-000674,A,V001265,CG0036
B-000690,B,V001265,CG0036
C-000683,C,V001265,CG0036
A-000675,A,V001266,
B-000691,B,V001266,
C-000684,C,V001266,
A-000676,A,V001267,
B-000692,B,V001267,
C-000685,C,V001267,
B-000693,B,V001268,
A-000677,A,V001268,
A-000678,A,V001269,
B-000694,B,V001269,
B-000695,B,V001270,
A-000679,A,V001270,
A-000680,A,V001271,
B-000696,B,V001271,
C-000686,C,V001271,
C-000687,C,V001272,
A-000681,A,V001272,
A-000682,A,V001273,
B-000697,B,V001273,
C-000688,C,V001273,
B-000698,B,V001274,
C-000689,C,V001275,
B-000699,B,V001276,
A-000683,A,V001277,
A-000684,A,V001278,
B-000700,B,V001278,
C-000690,C,V001278,
B-000701,B,V001279,CG0022
A-000685,A,V001280,
B-000702,B,V001280,
C-000691,C,V001280,
B-000703,B,V001281,
A-000686,A,V001282,
C-000692,C,V001283,
C-000693,C,V001284,
A-000687,A,V001284,
A-000688,A,V001285,
B-000704,B,V001285,
C-000694,C,V001285,
A-000689,A,V001286,
A-000690,A,V001287,
B-000705,B,V001287,
C-000695,C,V001287,
B-000706,B,V001288,
C-000696,C,V001289,
A-000691,A,V001290,
B-000707,B,V001290,
A-000692,A,V001291,
C-000697,C,V001292,
B-000708,B,V001292,
A-000693,A,V001293,
C-000698,C,V001293,
B-000709,B,V001294,
B-000710,B,V001295,
A-000694,A,V001295,
A-000695,A,V001296,
B-000711,B,V001296,
C-000699,C,V001296,
C-000700,C,V001297,
B-000712,B,V001297,
C-000701,C,V001298,
B-000713,B,V001298,
A-000696,A,V001299,
C-000702,C,V001299,
A-000697,A,V001300,CG0046
B-000714,B,V001300,CG0046
C-000703,C,V001300,CG0046
C-000704,C,V001301,
A-000698,A,V001302,
B-000715,B,V001303,
C-000705,C,V001304,
A-000699,A,V001305,CG0056
C-000706,C,V001305,CG0056
C-000707,C,V001306,
A-000700,A,V001306,
B-000716,B,V001307,
C-000708,C,V001308,
A-000701,A,V001309,
C-000709,C,V001309,
B-000717,B,V001310,
C-000710,C,V001311,
A-000702,A,V001311,
C-000711,C,V001312,
B-000718,B,V001313,
C-000712,C,V001313,
A-000703,A,V001314,
C-000713,C,V001314,
C-000714,C,V001315,
A-000704,A,V001316,
A-000705,A,V001317,
B-000719,B,V001317,
C-000715,C,V001317,
C-000716,C,V001318,
B-000720,B,V001319,
C-000717,C,V001320,
A-000706,A,V001321,
A-000707,A,V001322,
B-000721,B,V001323,
C-000718,C,V001324,
B-000722,B,V001324,
C-000719,C,V001325,
A-000708,A,V001326,
B-000723,B,V001326,
B-000724,B,V001327,
A-000709,A,V001328,
C-000720,C,V001329,
A-000710,A,V001330,
C-000721,C,V001330,
C-000722,C,V001331,
A-000711,A,V001332,
B-000725,B,V001332,
C-000723,C,V001332,
A-000712,A,V001333,
A-000713,A,V001334,
B-000726,B,V001334,
C-000724,C,V001334,
A-000714,A,V001335,
C-000725,C,V001335,
C-000726,C,V001336,
C-000727,C,V001337,
A-000715,A,V001338,
B-000727,B,V001338,
C-000728,C,V001338,
B-000728,B,V001339,
C-000729,C,V001339,
B-000729,B,V001340,
C-000730,C,V001340,
B-000730,B,V001341,
A-000716,A,V001342,
B-000731,B,V001342,
C-000731,C,V001342,
A-000717,A,V001343,
B-000732,B,V001343,
C-000732,C,V001343,
A-000718,A,V001344,
C-000733,C,V001345,
A-000719,A,V001345,
A-000720,A,V001346,
C-000734,C,V001347,
B-000733,B,V001348,CG0024
C-000735,C,V001348,CG0024
A-000721,A,V001349,
A-000722,A,V001350,
B-000734,B,V001350,
B-000735,B,V001351,
A-000723,A,V001352,
B-000736,B,V001353,
C-000736,C,V001354,
A-000724,A,V001355,
B-000737,B,V001355,
C-000737,C,V001355,
A-000725,A,V001356,
B-000738,B,V001357,
B-000739,B,V001358,
B-000740,B,V001359,
A-000726,A,V001359,
A-000727,A,V001360,
B-000741,B,V001361,
A-000728,A,V001362,
B-000742,B,V001362,
C-000738,C,V001362,
C-000739,C,V001363,
C-000740,C,V001364,
A-000729,A,V001365,
B-000743,B,V001365,
A-000730,A,V001366,
B-000744,B,V001366,
C-000741,C,V001366,
A-000731,A,V001367,
B-000745,B,V001368,
C-000742,C,V001369,
B-000746,B,V001369,
A-000732,A,V001370,
B-000747,B,V001370,
C-000743,C,V001370,
A-000733,A,V001371,
A-000734,A,V001372,
B-000748,B,V001372,
C-000744,C,V001372,
A-000735,A,V001373,
B-000749,B,V001374,
B-000750,B,V001375,
C-000745,C,V001375,
A-000736,A,V001376,
B-000751,B,V001376,
C-000746,C,V001376,
A-000737,A,V001377,
C-000747,C,V001378,
A-000738,A,V001378,
A-000739,A,V001379,
B-000752,B,V001379,
C-000748,C,V001379,
A-000740,A,V001380,
A-000741,A,V001381,
B-000753,B,V001382,
A-000742,A,V001382,
A-000743,A,V001383,
B-000754,B,V001383,
C-000749,C,V001383,
A-000744,A,V001384,
B-000755,B,V001384,
C-000750,C,V001384,
A-000745,A,V001385,
B-000756,B,V001385,
C-000751,C,V001385,
A-000746,A,V001386,
C-000752,C,V001387,
A-000747,A,V001387,
B-000757,B,V001388,
C-000753,C,V001389,
B-000758,B,V001389,
B-000759,B,V001390,
C-000754,C,V001391,
C-000755,C,V001392,
B-000760,B,V001393,
C-000756,C,V001394,
C-000757,C,V001395,
A-000748,A,V001396,
C-000758,C,V001396,
A-000749,A,V001397,
B-000761,B,V001397,
C-000759,C,V001397,
A-000750,A,V001398,
B-000762,B,V001399,CG0004
B-000763,B,V001400,
B-000764,B,V001401,
C-000760,C,V001401,
A-000751,A,V001402,
C-000761,C,V001402,
C-000762,C,V001403,
C-000763,C,V001404,
C-000764,C,V001405,
B-000765,B,V001406,
C-000765,C,V001406,
B-000766,B,V001407,
B-000767,B,V001408,
B-000768,B,V001409,
B-000769,B,V001410,
C-000766,C,V001411,
A-000752,A,V001412,
C-000767,C,V001413,
C-000768,C,V001414,
B-000770,B,V001415,
A-000753,A,V001416,
B-000771,B,V001416,
C-000769,C,V001416,
A-000754,A,V001417,
C-000770,C,V001418,
A-000755,A,V001419,
B-000772,B,V001420,
C-000771,C,V001420,
C-000772,C,V001421,
B-000773,B,V001421,
C-000773,C,V001422,
A-000756,A,V001423,
B-000774,B,V001423,
C-000774,C,V001423,
A-000757,A,V001424,
B-000775,B,V001424,
C-000775,C,V001424,
C-000776,C,V001425,
B-000776,B,V001425,
B-000777,B,V001426,
B-000778,B,V001427,
B-000779,B,V001428,
C-000777,C,V001428,
C-000778,C,V001429,
A-000758,A,V001429,
C-000779,C,V001430,
A-000759,A,V001431,
B-000780,B,V001431,
C-000780,C,V001431,
A-000760,A,V001432,
B-000781,B,V001432,
C-000781,C,V001432,
A-000761,A,V001433,
B-000782,B,V001433,
C-000782,C,V001433,
C-000783,C,V001434,
B-000783,B,V001435,
A-000762,A,V001435,
C-000784,C,V001436,
C-000785,C,V001437,
B-000784,B,V001437,
A-000763,A,V001438,
A-000764,A,V001439,
C-000786,C,V001440,
B-000785,B,V001441,
C-000787,C,V001442,
A-000765,A,V001443,
A-000766,A,V001444,
B-000786,B,V001444,
A-000767,A,V001445,
B-000787,B,V001445,
C-000788,C,V001445,
C-000789,C,V001446,
B-000788,B,V001447,
A-000768,A,V001447,
C-000790,C,V001448,
C-000791,C,V001449,
B-000789,B,V001449,
A-000769,A,V001450,
A-000770,A,V001451,
C-000792,C,V001451,
B-000790,B,V001452,
C-000793,C,V001453,
B-000791,B,V001453,
A-000771,A,V001454,
B-000792,B,V001454,
C-000794,C,V001454,
B-000793,B,V001455,
B-000794,B,V001456,
A-000772,A,V001457,
B-000795,B,V001458,
B-000796,B,V001459,
A-000773,A,V001459,
C-000795,C,V001460,
A-000774,A,V001461,
B-000797,B,V001461,
A-000775,A,V001462,
B-000798,B,V001463,
A-000776,A,V001464,
C-000796,C,V001465,
A-000777,A,V001466,
A-000778,A,V001467,
B-000799,B,V001468,
A-000779,A,V001469,
B-000800,B,V001470,
A-000780,A,V001471,
A-000781,A,V001472,
A-000782,A,V001473,
C-000797,C,V001474,
A-000783,A,V001475,
B-000801,B,V001475,
C-000798,C,V001476,
B-000802,B,V001476,
A-000784,A,V001477,
A-000785,A,V001478,
B-000803,B,V001478,
C-000799,C,V001478,
B-000804,B,V001479,
A-000786,A,V001480,
B-000805,B,V001480,
A-000787,A,V001481,
B-000806,B,V001481,
C-000800,C,V001481,
A-000788,A,V001482,
B-000807,B,V001482,
C-000801,C,V001482,
C-000802,C,V001483,
A-000789,A,V001484,
B-000808,B,V001485,
C-000803,C,V001486,
B-000809,B,V001487,
A-000790,A,V001487,
A-000791,A,V001488,
A-000792,A,V001489,
B-000810,B,V001489,
C-000804,C,V001489,
B-000811,B,V001490,
C-000805,C,V001490,
A-000793,A,V001491,
B-000812,B,V001491,
C-000806,C,V001491,
C-000807,C,V001492,
C-000808,C,V001493,
A-000794,A,V001494,
B-000813,B,V001494,
C-000809,C,V001494,
A-000795,A,V001495,
C-000810,C,V001496,
C-000811,C,V001497,
A-000796,A,V001498,
B-000814,B,V001498,
C-000812,C,V001498,
C-000813,C,V001499,
A-000797,A,V001499,
A-000798,A,V001500,
B-000815,B,V001500,
C-000814,C,V001500,
C-000815,C,V001501,
B-000816,B,V001502,
A-000799,A,V001503,
B-000817,B,V001504,
A-000800,A,V001505,
C-000816,C,V001506,
A-000801,A,V001507,
C-000817,C,V001508,
B-000818,B,V001509,
C-000818,C,V001509,
B-000819,B,V001510,
A-000802,A,V001511,
B-000820,B,V001511,
C-000819,C,V001511,
A-000803,A,V001512,
C-000820,C,V001513,
A-000804,A,V001514,
B-000821,B,V001514,
C-000821,C,V001514,
C-000822,C,V001515,
B-000822,B,V001516,
C-000823,C,V001517,
C-000824,C,V001518,
B-000823,B,V001518,
B-000824,B,V001519,
A-000805,A,V001520,
C-000825,C,V001520,
A-000806,A,V001521,
B-000825,B,V001521,
C-000826,C,V001522,
A-000807,A,V001523,
A-000808,A,V001524,
B-000826,B,V001524,
B-000827,B,V001525,
C-000827,C,V001526,
C-000828,C,V001527,
B-000828,B,V001528,
C-000829,C,V001529,
A-000809,A,V001529,
B-000829,B,V001530,
C-000830,C,V001531,
B-000830,B,V001532,
A-000810,A,V001533,
B-000831,B,V001533,
A-000811,A,V001534,
B-000832,B,V001534,
C-000831,C,V001534,
A-000812,A,V001535,
A-000813,A,V001536,
A-000814,A,V001537,
A-000815,A,V001538,
C-000832,C,V001538,
A-000816,A,V001539,
B-000833,B,V001539,
C-000833,C,V001539,
C-000834,C,V001540,
A-000817,A,V001541,
C-000835,C,V001542,
B-000834,B,V001543,
C-000836,C,V001544,
A-000818,A,V001545,
A-000819,A,V001546,
B-000835,B,V001546,
C-000837,C,V001546,
B-000836,B,V001547,
A-000820,A,V001548,
B-000837,B,V001549,
B-000838,B,V001550,
A-000821,A,V001551,
B-000839,B,V001551,
A-000822,A,V001552,
B-000840,B,V001553,
B-000841,B,V001554,
A-000823,A,V001554,
A-000824,A,V001555,
C-000838,C,V001556,
A-000825,A,V001557,
C-000839,C,V001558,
A-000826,A,V001558,
A-000827,A,V001559,
C-000840,C,V001560,
B-000842,B,V001560,
C-000841,C,V001561,
A-000828,A,V001561,
C-000842,C,V001562,
C-000843,C,V001563,
B-000843,B,V001563,
A-000829,A,V001564,
B-000844,B,V001564,
C-000844,C,V001564,
A-000830,A,V001565,CG0010
B-000845,B,V001565,CG0010
C-000845,C,V001566,
C-000846,C,V001567,
A-000831,A,V001568,
C-000847,C,V001568,
C-000848,C,V001569,
A-000832,A,V001570,
B-000846,B,V001570,
B-000847,B,V001571,
C-000849,C,V001572,
A-000833,A,V001572,
B-000848,B,V001573,
A-000834,A,V001574,
A-000835,A,V001575,
A-000836,A,V001576,
B-000849,B,V001576,
B-000850,B,V001577,
A-000837,A,V001577,
C-000850,C,V001578,
A-000838,A,V001579,
B-000851,B,V001579,
B-000852,B,V001580,
A-000839,A,V001580,
C-000851,C,V001581,
A-000840,A,V001582,
A-000841,A,V001583,
A-000842,A,V001584,
B-000853,B,V001584,
C-000852,C,V001584,
A-000843,A,V001585,
C-000853,C,V001585,
B-000854,B,V001586,
C-000854,C,V001586,
C-000855,C,V001587,
B-000855,B,V001588,
A-000844,A,V001589,
A-000845,A,V001590,
A-000846,A,V001591,
B-000856,B,V001591,
C-000856,C,V001591,
A-000847,A,V001592,
A-000848,A,V001593,
C-000857,C,V001593,
B-000857,B,V001594,
B-000858,B,V001595,
A-000849,A,V001595,
A-000850,A,V001596,
B-000859,B,V001596,
A-000851,A,V001597,
C-000858,C,V001598,
C-000859,C,V001599,
B-000860,B,V001600,
B-000861,B,V001601,
A-000852,A,V001602,
B-000862,B,V001603,
C-000860,C,V001604,
A-000853,A,V001605,
B-000863,B,V001606,
A-000854,A,V001606,
B-000864,B,V001607,
A-000855,A,V001607,
B-000865,B,V001608,
A-000856,A,V001608,
A-000857,A,V001609,CG0005
B-000866,B,V001609,CG0005
B-000867,B,V001610,
B-000868,B,V001611,
B-000869,B,V001612,
A-000858,A,V001612,
C-000861,C,V001613,
A-000859,A,V001614,
A-000860,A,V001615,
B-000870,B,V001615,
C-000862,C,V001615,
C-000863,C,V001616,
B-000871,B,V001617,
C-000864,C,V001617,
B-000872,B,V001618,
A-000861,A,V001619,
B-000873,B,V001619,
C-000865,C,V001619,
A-000862,A,V001620,
B-000874,B,V001620,
C-000866,C,V001620,
B-000875,B,V001621,
C-000867,C,V001622,
A-000863,A,V001623,
A-000864,A,V001624,
B-000876,B,V001624,
C-000868,C,V001624,
C-000869,C,V001625,
B-000877,B,V001626,
A-000865,A,V001627,
B-000878,B,V001627,
C-000870,C,V001627,
C-000871,C,V001628,
B-000879,B,V001628,
B-000880,B,V001629,
B-000881,B,V001630,
A-000866,A,V001630,
B-000882,B,V001631,
A-000867,A,V001631,
A-000868,A,V001632,
A-000869,A,V001633,
B-000883,B,V001633,
C-000872,C,V001633,
C-000873,C,V001634,
C-000874,C,V001635,
A-000870,A,V001635,
B-000884,B,V001636,
A-000871,A,V001637,
B-000885,B,V001637,
C-000875,C,V001637,
A-000872,A,V001638,
C-000876,C,V001639,
A-000873,A,V001639,
A-000874,A,V001640,
B-000886,B,V001641,
C-000877,C,V001641,
A-000875,A,V001642,
C-000878,C,V001642,
A-000876,A,V001643,
B-000887,B,V001643,
C-000879,C,V001643,
B-000888,B,V001644,
B-000889,B,V001645,
C-000880,C,V001646,
B-000890,B,V001647,
C-000881,C,V001647,
C-000882,C,V001648,
A-000877,A,V001648,
C-000883,C,V001649,
B-000891,B,V001650,
A-000878,A,V001650,
A-000879,A,V001651,
A-000880,A,V001652,
B-000892,B,V001652,
C-000884,C,V001652,
B-000893,B,V001653,
A-000881,A,V001654,
A-000882,A,V001655,
C-000885,C,V001655,
C-000886,C,V001656,
B-000894,B,V001657,
C-000887,C,V001658,
B-000895,B,V001658,
B-000896,B,V001659,
A-000883,A,V001660,
A-000884,A,V001661,
A-000885,A,V001662,
A-000886,A,V001663,
A-000887,A,V001664,
A-000888,A,V001665,
B-000897,B,V001665,
A-000889,A,V001666,
B-000898,B,V001666,
C-000888,C,V001666,
A-000890,A,V001667,
B-000899,B,V001667,
C-000889,C,V001667,
C-000890,C,V001668,
C-000891,C,V001669,
B-000900,B,V001670,
A-000891,A,V001671,
B-000901,B,V001672,
A-000892,A,V001673,
C-000892,C,V001674,
A-000893,A,V001675,
C-000893,C,V001675,
A-000894,A,V001676,
A-000895,A,V001677,
C-000894,C,V001677,
A-000896,A,V001678,
C-000895,C,V001679,
A-000897,A,V001680,
B-000902,B,V001680,
C-000896,C,V001680,
B-000903,B,V001681,
C-000897,C,V001681,
C-000898,C,V001682,
B-000904,B,V001682,
C-000899,C,V001683,
A-000898,A,V001684,CG0058
B-000905,B,V001684,CG0058
C-000900,C,V001684,CG0058
A-000899,A,V001685,
B-000906,B,V001685,
C-000901,C,V001685,
B-000907,B,V001686,
C-000902,C,V001686,
A-000900,A,V001687,
A-000901,A,V001688,
B-000908,B,V001688,
C-000903,C,V001688,
A-000902,A,V001689,
B-000909,B,V001689,
C-000904,C,V001689,
A-000903,A,V001690,
B-000910,B,V001690,
A-000904,A,V001691,
B-000911,B,V001691,
C-000905,C,V001691,
A-000905,A,V001692,
A-000906,A,V001693,
A-000907,A,V001694,
B-000912,B,V001694,
C-000906,C,V001694,
C-000907,C,V001695,CG0057
A-000908,A,V001696,
B-000913,B,V001696,
C-000908,C,V001697,
B-000914,B,V001698,
C-000909,C,V001698,
A-000909,A,V001699,
B-000915,B,V001699,
B-000916,B,V001700,
A-000910,A,V001701,
B-000917,B,V001701,
C-000910,C,V001701,
A-000911,A,V001702,
B-000918,B,V001702,
C-000911,C,V001702,
C-000912,C,V001703,
B-000919,B,V001703,
B-000920,B,V001704,
C-000913,C,V001705,
B-000921,B,V001706,
C-000914,C,V001706,
A-000912,A,V001707,
B-000922,B,V001707,
C-000915,C,V001707,
A-000913,A,V001708,
B-000923,B,V001708,
C-000916,C,V001708,
C-000917,C,V001709,CG0017
A-000914,A,V001710,
B-000924,B,V001710,
C-000918,C,V001710,
A-000915,A,V001711,
B-000925,B,V001711,
C-000919,C,V001711,
B-000926,B,V001712,
A-000916,A,V001712,
C-000920,C,V001713,
A-000917,A,V001713,
A-000918,A,V001714,
C-000921,C,V001715,
A-000919,A,V001716,
B-000927,B,V001716,
C-000922,C,V001716,
A-000920,A,V001717,
B-000928,B,V001717,
C-000923,C,V001717,
B-000929,B,V001718,
A-000921,A,V001719,
B-000930,B,V001719,
C-000924,C,V001719,
C-000925,C,V001720,
A-000922,A,V001721,
C-000926,C,V001722,
A-000923,A,V001723,
B-000931,B,V001723,
A-000924,A,V001724,
B-000932,B,V001724,
C-000927,C,V001724,
B-000933,B,V001725,
A-000925,A,V001726,
B-000934,B,V001726,
C-000928,C,V001726,
A-000926,A,V001727,
B-000935,B,V001727,
C-000929,C,V001728,
A-000927,A,V001728,
C-000930,C,V001729,
B-000936,B,V001729,
C-000931,C,V001730,
A-000928,A,V001731,
A-000929,A,V001732,
B-000937,B,V001732,
C-000932,C,V001732,
C-000933,C,V001733,
A-000930,A,V001733,
B-000938,B,V001734,
C-000934,C,V001734,
C-000935,C,V001735,
B-000939,B,V001735,
A-000931,A,V001736,
B-000940,B,V001736,
A-000932,A,V001737,
B-000941,B,V001738,
A-000933,A,V001739,
C-000936,C,V001739,
A-000934,A,V001740,
B-000942,B,V001740,
A-000935,A,V001741,
B-000943,B,V001741,
C-000937,C,V001741,
A-000936,A,V001742,
B-000944,B,V001742,
C-000938,C,V001743,
B-000945,B,V001744,
A-000937,A,V001745,
B-000946,B,V001745,
C-000939,C,V001745,
B-000947,B,V001746,CG0021
A-000938,A,V001747,
C-000940,C,V001747,
A-000939,A,V001748,
B-000948,B,V001749,
B-000949,B,V001750,
B-000950,B,V001751,
C-000941,C,V001751,
B-000951,B,V001752,
C-000942,C,V001753,
C-000943,C,V001754,
A-000940,A,V001754,
B-000952,B,V001755,
A-000941,A,V001755,
C-000944,C,V001756,
C-000945,C,V001757,
A-000942,A,V001757,
C-000946,C,V001758,
A-000943,A,V001759,
B-000953,B,V001759,
C-000947,C,V001759,
B-000954,B,V001760,
C-000948,C,V001761,CG0041
C-000949,C,V001762,
A-000944,A,V001763,
B-000955,B,V001763,
C-000950,C,V001763,
C-000951,C,V001764,
A-000945,A,V001765,
A-000946,A,V001766,
B-000956,B,V001766,
C-000952,C,V001766,
B-000957,B,V001767,
A-000947,A,V001767,
A-000948,A,V001768,
B-000958,B,V001768,
C-000953,C,V001768,
B-000959,B,V001769,
B-000960,B,V001770,
A-000949,A,V001771,
B-000961,B,V001771,
C-000954,C,V001771,
B-000962,B,V001772,
A-000950,A,V001772,
B-000963,B,V001773,
A-000951,A,V001774,
C-000955,C,V001775,
B-000964,B,V001775,
B-000965,B,V001776,
C-000956,C,V001777,
A-000952,A,V001777,
C-000957,C,V001778,
B-000966,B,V001778,
A-000953,A,V001779,
B-000967,B,V001780,
C-000958,C,V001780,
A-000954,A,V001781,
C-000959,C,V001782,
C-000960,C,V001783,
C-000961,C,V001784,
A-000955,A,V001785,
B-000968,B,V001785,
C-000962,C,V001785,
A-000956,A,V001786,
B-000969,B,V001787,
A-000957,A,V001788,
C-000963,C,V001788,
B-000970,B,V001789,
A-000958,A,V001790,
C-000964,C,V001791,
C-000965,C,V001792,
B-000971,B,V001792,
A-000959,A,V001793,
B-000972,B,V001793,
C-000966,C,V001793,
B-000973,B,V001794,
A-000960,A,V001794,
A-000961,A,V001795,
B-000974,B,V001796,
A-000962,A,V001797,
B-000975,B,V001797,
C-000967,C,V001798,
A-000963,A,V001798,
C-000968,C,V001799,
B-000976,B,V001799,
C-000969,C,V001800,
A-000964,A,V001801,
A-000965,A,V001802,
C-000970,C,V001803,
C-000971,C,V001804,
A-000966,A,V001804,
C-000972,C,V001805,
A-000967,A,V001806,
B-000977,B,V001806,
C-000973,C,V001806,
C-000974,C,V001807,
C-000975,C,V001808,
A-000968,A,V001808,
C-000976,C,V001809,
B-000978,B,V001810,
A-000969,A,V001810,
A-000970,A,V001811,
C-000977,C,V001812,
A-000971,A,V001812,
C-000978,C,V001813,
C-000979,C,V001814,
C-000980,C,V001815,
B-000979,B,V001815,
C-000981,C,V001816,
C-000982,C,V001817,
A-000972,A,V001818,
A-000973,A,V001819,
B-000980,B,V001819,
C-000983,C,V001819,
A-000974,A,V001820,
B-000981,B,V001820,
C-000984,C,V001820,
C-000985,C,V001821,
A-000975,A,V001822,
B-000982,B,V001822,
A-000976,A,V001823,
C-000986,C,V001823,
A-000977,A,V001824,
A-000978,A,V001825,
B-000983,B,V001825,
A-000979,A,V001826,
B-000984,B,V001826,
C-000987,C,V001826,
A-000980,A,V001827,
B-000985,B,V001828,
A-000981,A,V001829,
B-000986,B,V001829,
C-000988,C,V001829,
C-000989,C,V001830,
B-000987,B,V001831,
C-000990,C,V001832,
A-000982,A,V001833,
B-000988,B,V001833,
C-000991,C,V001833,
C-000992,C,V001834,
C-000993,C,V001835,
B-000989,B,V001836,
B-000990,B,V001837,
C-000994,C,V001838,
A-000983,A,V001838,
C-000995,C,V001839,CG0025
A-000984,A,V001839,CG0025
A-000985,A,V001840,
A-000986,A,V001841,
A-000987,A,V001842,
B-000991,B,V001842,
C-000996,C,V001842,
A-000988,A,V001843,
B-000992,B,V001843,
C-000997,C,V001844,
A-000989,A,V001845,
B-000993,B,V001845,
C-000998,C,V001846,
A-000990,A,V001847,
B-000994,B,V001847,
C-000999,C,V001847,
A-000991,A,V001848,
A-000992,A,V001849,
B-000995,B,V001849,
C-001000,C,V001849,
C-001001,C,V001850,
A-000993,A,V001850,
A-000994,A,V001851,
B-000996,B,V001852,
A-000995,A,V001852,
C-001002,C,V001853,
A-000996,A,V001853,
A-000997,A,V001854,
B-000997,B,V001855,
C-001003,C,V001856,
B-000998,B,V001857,
A-000998,A,V001858,
B-000999,B,V001859,
A-000999,A,V001859,
A-001000,A,V001860,
B-001000,B,V001861,
A-001001,A,V001862,
C-001004,C,V001862,
A-001002,A,V001863,
A-001003,A,V001864,
A-001004,A,V001865,
A-001005,A,V001866,
C-001005,C,V001866,
B-001001,B,V001867,
B-001002,B,V001868,
A-001006,A,V001868,
C-001006,C,V001869,
B-001003,B,V001870,
C-001007,C,V001870,
A-001007,A,V001871,
C-001008,C,V001871,
B-001004,B,V001872,
C-001009,C,V001873,
C-001010,C,V001874,
B-001005,B,V001874,
A-001008,A,V001875,
C-001011,C,V001876,
A-001009,A,V001877,
A-001010,A,V001878,
B-001006,B,V001878,
B-001007,B,V001879,
A-001011,A,V001879,
A-001012,A,V001880,
B-001008,B,V001880,
C-001012,C,V001880,
B-001009,B,V001881,
A-001013,A,V001881,
B-001010,B,V001882,
C-001013,C,V001882,
B-001011,B,V001883,
C-001014,C,V001884,
B-001012,B,V001884,
B-001013,B,V001885,
C-001015,C,V001886,
A-001014,A,V001887,
B-001014,B,V001887,
C-001016,C,V001887,
B-001015,B,V001888,
A-001015,A,V001888,
A-001016,A,V001889,
B-001016,B,V001889,
C-001017,C,V001889,
B-001017,B,V001890,
C-001018,C,V001891,
A-001017,A,V001891,
A-001018,A,V001892,
A-001019,A,V001893,
B-001018,B,V001893,
C-001019,C,V001893,
A-001020,A,V001894,
B-001019,B,V001895,
B-001020,B,V001896,
A-001021,A,V001896,
A-001022,A,V001897,
B-001021,B,V001897,
C-001020,C,V001897,
C-001021,C,V001898,
A-001023,A,V001899,
B-001022,B,V001899,
C-001022,C,V001899,
B-001023,B,V001900,
C-001023,C,V001901,
A-001024,A,V001902,
B-001024,B,V001902,
C-001024,C,V001902,
B-001025,B,V001903,
A-001025,A,V001903,
C-001025,C,V001904,
A-001026,A,V001904,
C-001026,C,V001905,
B-001026,B,V001905,
C-001027,C,V001906,
C-001028,C,V001907,
A-001027,A,V001907,
A-001028,A,V001908,
C-001029,C,V001908,
B-001027,B,V001909,
C-001030,C,V001910,
B-001028,B,V001910,
A-001029,A,V001911,
B-001029,B,V001911,
C-001031,C,V001911,
B-001030,B,V001912,
A-001030,A,V001913,
C-001032,C,V001914,
C-001033,C,V001915,
A-001031,A,V001916,
B-001031,B,V001916,
C-001034,C,V001916,
A-001032,A,V001917,
B-001032,B,V001917,
C-001035,C,V001917,
B-001033,B,V001918,
A-001033,A,V001919,
C-001036,C,V001920,
A-001034,A,V001921,
B-001034,B,V001921,
A-001035,A,V001922,
B-001035,B,V001922,
C-001037,C,V001922,
A-001036,A,V001923,
B-001036,B,V001923,
C-001038,C,V001923,
A-001037,A,V001924,
A-001038,A,V001925,
B-001037,B,V001925,
C-001039,C,V001925,
A-001039,A,V001926,
B-001038,B,V001926,
C-001040,C,V001926,
A-001040,A,V001927,
B-001039,B,V001927,
B-001040,B,V001928,
B-001041,B,V001929,
B-001042,B,V001930,
A-001041,A,V001931,
B-001043,B,V001931,
C-001041,C,V001931,
B-001044,B,V001932,
B-001045,B,V001933,
A-001042,A,V001934,
A-001043,A,V001935,
B-001046,B,V001936,
C-001042,C,V001937,
B-001047,B,V001938,
B-001048,B,V001939,
A-001044,A,V001940,
B-001049,B,V001941,
B-001050,B,V001942,
B-001051,B,V001943,
A-001045,A,V001943,
C-001043,C,V001944,
B-001052,B,V001945,
A-001046,A,V001946,
B-001053,B,V001946,
C-001044,C,V001946,
A-001047,A,V001947,
C-001045,C,V001947,
A-001048,A,V001948,
C-001046,C,V001949,
A-001049,A,V001950,
A-001050,A,V001951,
A-001051,A,V001952,
B-001054,B,V001952,
C-001047,C,V001952,
A-001052,A,V001953,
B-001055,B,V001953,
C-001048,C,V001953,
A-001053,A,V001954,
B-001056,B,V001954,
C-001049,C,V001954,
B-001057,B,V001955,
C-001050,C,V001956,
A-001054,A,V001956,
B-001058,B,V001957,
C-001051,C,V001958,
B-001059,B,V001959,
A-001055,A,V001959,
A-001056,A,V001960,
A-001057,A,V001961,
C-001052,C,V001961,
A-001058,A,V001962,
A-001059,A,V001963,
C-001053,C,V001963,
B-001060,B,V001964,
C-001054,C,V001964,
A-001060,A,V001965,
B-001061,B,V001965,
C-001055,C,V001965,
B-001062,B,V001966,
C-001056,C,V001966,
B-001063,B,V001967,
B-001064,B,V001968,
A-001061,A,V001969,
A-001062,A,V001970,
C-001057,C,V001970,
A-001063,A,V001971,
A-001064,A,V001972,
B-001065,B,V001972,
C-001058,C,V001972,
A-001065,A,V001973,
B-001066,B,V001973,
C-001059,C,V001973,
B-001067,B,V001974,
C-001060,C,V001975,
A-001066,A,V001976,
C-001061,C,V001976,
C-001062,C,V001977,
A-001067,A,V001978,
C-001063,C,V001978,
B-001068,B,V001979,
A-001068,A,V001980,
A-001069,A,V001981,
B-001069,B,V001981,
C-001064,C,V001981,
C-001065,C,V001982,
A-001070,A,V001983,
C-001066,C,V001984,
C-001067,C,V001985,
A-001071,A,V001986,
B-001070,B,V001986,
C-001068,C,V001986,
B-001071,B,V001987,
C-001069,C,V001988,
A-001072,A,V001989,
B-001072,B,V001990,
B-001073,B,V001991,
A-001073,A,V001992,
B-001074,B,V001992,
A-001074,A,V001993,
B-001075,B,V001993,
C-001070,C,V001993,
A-001075,A,V001994,
C-001071,C,V001995,
B-001076,B,V001996,
C-001072,C,V001997,
A-001076,A,V001998,
B-001077,B,V001999,
B-001078,B,V002000,
C-001073,C,V002001,
C-001074,C,V002002,
A-001077,A,V002003,
B-001079,B,V002003,
B-001080,B,V002004,
C-001075,C,V002005,
B-001081,B,V002005,
B-001082,B,V002006,
B-001083,B,V002007,
A-001078,A,V002008,
C-001076,C,V002009,
A-001079,A,V002010,
C-001077,C,V002010,
B-001084,B,V002011,
A-001080,A,V002012,
B-001085,B,V002012,
C-001078,C,V002012,
C-001079,C,V002013,
B-001086,B,V002014,
C-001080,C,V002014,
A-001081,A,V002015,
B-001087,B,V002015,
C-001081,C,V002015,
C-001082,C,V002016,
A-001082,A,V002017,
C-001083,C,V002018,
C-001084,C,V002019,
B-001088,B,V002019,
A-001083,A,V002020,
B-001089,B,V002020,
C-001085,C,V002020,
C-001086,C,V002021,
B-001090,B,V002022,
B-001091,B,V002023,
C-001087,C,V002024,
A-001084,A,V002025,
B-001092,B,V002025,
A-001085,A,V002026,
B-001093,B,V002026,
C-001088,C,V002027,
C-001089,C,V002028,
B-001094,B,V002029,
C-001090,C,V002030,
A-001086,A,V002031,
B-001095,B,V002031,
C-001091,C,V002031,
A-001087,A,V002032,
B-001096,B,V002032,
C-001092,C,V002032,
C-001093,C,V002033,
B-001097,B,V002034,
B-001098,B,V002035,
A-001088,A,V002036,
A-001089,A,V002037,
A-001090,A,V002038,
B-001099,B,V002038,
C-001094,C,V002039,
B-001100,B,V002040,
A-001091,A,V002041,
B-001101,B,V002041,
C-001095,C,V002041,
B-001102,B,V002042,
A-001092,A,V002043,
C-001096,C,V002043,
A-001093,A,V002044,
C-001097,C,V002045,
B-001103,B,V002046,
A-001094,A,V002047,
B-001104,B,V002047,
C-001098,C,V002047,
A-001095,A,V002048,
A-001096,A,V002049,
C-001099,C,V002049,
A-001097,A,V002050,
C-001100,C,V002051,
B-001105,B,V002051,
C-001101,C,V002052,
A-001098,A,V002053,
B-001106,B,V002053,
C-001102,C,V002053,
A-001099,A,V002054,
C-001103,C,V002055,
A-001100,A,V002056,
A-001101,A,V002057,
B-001107,B,V002057,
B-001108,B,V002058,
A-001102,A,V002059,
C-001104,C,V002060,
C-001105,C,V002061,
C-001106,C,V002062,
B-001109,B,V002062,
A-001103,A,V002063,
B-001110,B,V002063,
C-001107,C,V002063,
C-001108,C,V002064,
A-001104,A,V002064,
A-001105,A,V002065,
B-001111,B,V002065,
C-001109,C,V002066,
B-001112,B,V002067,
A-001106,A,V002067,
C-001110,C,V002068,
B-001113,B,V002069,
A-001107,A,V002069,
A-001108,A,V002070,
B-001114,B,V002070,
C-001111,C,V002070,
A-001109,A,V002071,
A-001110,A,V002072,
B-001115,B,V002073,
A-001111,A,V002074,
B-001116,B,V002074,
C-001112,C,V002074,
B-001117,B,V002075,
A-001112,A,V002076,
A-001113,A,V002077,
B-001118,B,V002077,
C-001113,C,V002077,
C-001114,C,V002078,
A-001114,A,V002078,
A-001115,A,V002079,
B-001119,B,V002080,
A-001116,A,V002081,
B-001120,B,V002081,
C-001115,C,V002081,
A-001117,A,V002082,
B-001121,B,V002082,
C-001116,C,V002082,
C-001117,C,V002083,
A-001118,A,V002084,
B-001122,B,V002085,
C-001118,C,V002085,
A-001119,A,V002086,
C-001119,C,V002087,
A-001120,A,V002087,
A-001121,A,V002088,
C-001120,C,V002089,
A-001122,A,V002090,
C-001121,C,V002090,
B-001123,B,V002091,
A-001123,A,V002092,
B-001124,B,V002092,
C-001122,C,V002092,
A-001124,A,V002093,
C-001123,C,V002094,
A-001125,A,V002095,
B-001125,B,V002095,
C-001124,C,V002095,
B-001126,B,V002096,
C-001125,C,V002096,
A-001126,A,V002097,
C-001126,C,V002098,
C-001127,C,V002099,
A-001127,A,V002100,
B-001127,B,V002101,
B-001128,B,V002102,
A-001128,A,V002103,
B-001129,B,V002104,
B-001130,B,V002105,
A-001129,A,V002106,
B-001131,B,V002106,
C-001128,C,V002107,
A-001130,A,V002107,
A-001131,A,V002108,
B-001132,B,V002109,
C-001129,C,V002110,
B-001133,B,V002111,
A-001132,A,V002112,
B-001134,B,V002112,
C-001130,C,V002112,
A-001133,A,V002113,
B-001135,B,V002113,
C-001131,C,V002113,
A-001134,A,V002114,
B-001136,B,V002114,
C-001132,C,V002114,
A-001135,A,V002115,
B-001137,B,V002115,
C-001133,C,V002116,
B-001138,B,V002117,
C-001134,C,V002118,
C-001135,C,V002119,
B-001139,B,V002119,
A-001136,A,V002120,
B-001140,B,V002121,
B-001141,B,V002122,
A-001137,A,V002122,
A-001138,A,V002123,
C-001136,C,V002123,
B-001142,B,V002124,
B-001143,B,V002125,
A-001139,A,V002126,
B-001144,B,V002126,
A-001140,A,V002127,
B-001145,B,V002127,
C-001137,C,V002127,
A-001141,A,V002128,
A-001142,A,V002129,
B-001146,B,V002130,
B-001147,B,V002131,
C-001138,C,V002132,CG0011
A-001143,A,V002133,
B-001148,B,V002133,
C-001139,C,V002133,
C-001140,C,V002134,
B-001149,B,V002134,
C-001141,C,V002135,
A-001144,A,V002136,
B-001150,B,V002136,
C-001142,C,V002136,
C-001143,C,V002137,
C-001144,C,V002138,
C-001145,C,V002139,
B-001151,B,V002140,
A-001145,A,V002140,
B-001152,B,V002141,
A-001146,A,V002141,
A-001147,A,V002142,
B-001153,B,V002142,
A-001148,A,V002143,
B-001154,B,V002144,
A-001149,A,V002145,CG0039
B-001155,B,V002145,CG0039
C-001146,C,V002145,CG0039
A-001150,A,V002146,
B-001156,B,V002146,
C-001147,C,V002146,
B-001157,B,V002147,
A-001151,A,V002148,
A-001152,A,V002149,
C-001148,C,V002150,
B-001158,B,V002150,
A-001153,A,V002151,
A-001154,A,V002152,
C-001149,C,V002153,
B-001159,B,V002154,
A-001155,A,V002154,
B-001160,B,V002155,
C-001150,C,V002155,
A-001156,A,V002156,
A-001157,A,V002157,
B-001161,B,V002157,
A-001158,A,V002158,
C-001151,C,V002158,
A-001159,A,V002159,
A-001160,A,V002160,
B-001162,B,V002161,
A-001161,A,V002162,
A-001162,A,V002163,
C-001152,C,V002164,
B-001163,B,V002164,
C-001153,C,V002165,
C-001154,C,V002166,
B-001164,B,V002167,
A-001163,A,V002167,
C-001155,C,V002168,
A-001164,A,V002169,
A-001165,A,V002170,
B-001165,B,V002171,
B-001166,B,V002172,
C-001156,C,V002172,
A-001166,A,V002173,
B-001167,B,V002173,
C-001157,C,V002173,
C-001158,C,V002174,
A-001167,A,V002175,
A-001168,A,V002176,
A-001169,A,V002177,
B-001168,B,V002178,
A-001170,A,V002178,
A-001171,A,V002179,
C-001159,C,V002180,
A-001172,A,V002180,
B-001169,B,V002181,
C-001160,C,V002181,
C-001161,C,V002182,
B-001170,B,V002183,CG0049
B-001171,B,V002184,
A-001173,A,V002185,
B-001172,B,V002185,
A-001174,A,V002186,
B-001173,B,V002187,
B-001174,B,V002188,
A-001175,A,V002189,
C-001162,C,V002190,
B-001175,B,V002191,
A-001176,A,V002192,
A-001177,A,V002193,
C-001163,C,V002193,
C-001164,C,V002194,
C-001165,C,V002195,
B-001176,B,V002195,
B-001177,B,V002196,
B-001178,B,V002197,
B-001179,B,V002198,
B-001180,B,V002199,
A-001178,A,V002199,
B-001181,B,V002200,
A-001179,A,V002201,
C-001166,C,V002201,
C-001167,C,V002202,
C-001168,C,V002203,
A-001180,A,V002204,
C-001169,C,V002204,
B-001182,B,V002205,
C-001170,C,V002205,
A-001181,A,V002206,
B-001183,B,V002206,
C-001171,C,V002207,
C-001172,C,V002208,
C-001173,C,V002209,
A-001182,A,V002210,
C-001174,C,V002211,
A-001183,A,V002211,
A-001184,A,V002212,
B-001184,B,V002212,
A-001185,A,V002213,
B-001185,B,V002214,
B-001186,B,V002215,
A-001186,A,V002215,
A-001187,A,V002216,
B-001187,B,V002216,
C-001175,C,V002216,
B-001188,B,V002217,CG0032
A-001188,A,V002217,CG0032
C-001176,C,V002218,
A-001189,A,V002219,
B-001189,B,V002219,
A-001190,A,V002220,CG0026
B-001190,B,V002221,
A-001191,A,V002222,
B-001191,B,V002223,
B-001192,B,V002224,
B-001193,B,V002225,
B-001194,B,V002226,
A-001192,A,V002226,
C-001177,C,V002227,
B-001195,B,V002228,
C-001178,C,V002228,
A-001193,A,V002229,
B-001196,B,V002229,
C-001179,C,V002229,
B-001197,B,V002230,
A-001194,A,V002230,
A-001195,A,V002231,
B-001198,B,V002231,
C-001180,C,V002231,
A-001196,A,V002232,
B-001199,B,V002232,
C-001181,C,V002232,
B-001200,B,V002233,
A-001197,A,V002234,
B-001201,B,V002234,
C-001182,C,V002234,
C-001183,C,V002235,
A-001198,A,V002236,
B-001202,B,V002236,
C-001184,C,V002236,
B-001203,B,V002237,
C-001185,C,V002238,
A-001199,A,V002239,
B-001204,B,V002239,
C-001186,C,V002239,
C-001187,C,V002240,
B-001205,B,V002241,
C-001188,C,V002242,
C-001189,C,V002243,
A-001200,A,V002244,
C-001190,C,V002245,
A-001201,A,V002245,
A-001202,A,V002246,
A-001203,A,V002247,
A-001204,A,V002248,
C-001191,C,V002248,
B-001206,B,V002249,
B-001207,B,V002250,
C-001192,C,V002250,
C-001193,C,V002251,
A-001205,A,V002252,
B-001208,B,V002252,
C-001194,C,V002252,
A-001206,A,V002253,
A-001207,A,V002254,
A-001208,A,V002255,
B-001209,B,V002255,
C-001195,C,V002255,
A-001209,A,V002256,
B-001210,B,V002256,
C-001196,C,V002256,
A-001210,A,V002257,
B-001211,B,V002257,
B-001212,B,V002258,
C-001197,C,V002259,
C-001198,C,V002260,
A-001211,A,V002261,
B-001213,B,V002261,
C-001199,C,V002262,
B-001214,B,V002263,
A-001212,A,V002264,
A-001213,A,V002265,
A-001214,A,V002266,
B-001215,B,V002266,
C-001200,C,V002266,
A-001215,A,V002267,
B-001216,B,V002267,
B-001217,B,V002268,
A-001216,A,V002268,
A-001217,A,V002269,
A-001218,A,V002270,
B-001218,B,V002270,
C-001201,C,V002270,
B-001219,B,V002271,
C-001202,C,V002271,
A-001219,A,V002272,
C-001203,C,V002272,
B-001220,B,V002273,CG0000
C-001204,C,V002274,
B-001221,B,V002275,
C-001205,C,V002276,
A-001220,A,V002277,
B-001222,B,V002277,
C-001206,C,V002277,
A-001221,A,V002278,
B-001223,B,V002279,
B-001224,B,V002280,
B-001225,B,V002281,
A-001222,A,V002282,CG0048
B-001226,B,V002282,CG0048
C-001207,C,V002282,CG0048
C-001208,C,V002283,
A-001223,A,V002284,
B-001227,B,V002284,
C-001209,C,V002285,
A-001224,A,V002286,
C-001210,C,V002286,
C-001211,C,V002287,
A-001225,A,V002288,
B-001228,B,V002288,
C-001212,C,V002289,
B-001229,B,V002289,
B-001230,B,V002290,
A-001226,A,V002291,
B-001231,B,V002291,
C-001213,C,V002291,
B-001232,B,V002292,
C-001214,C,V002293,
C-001215,C,V002294,
B-001233,B,V002295,
A-001227,A,V002295,
C-001216,C,V002296,
A-001228,A,V002296,
C-001217,C,V002297,
A-001229,A,V002298,
B-001234,B,V002298,
C-001218,C,V002298,
C-001219,C,V002299,
C-001220,C,V002300,
B-001235,B,V002300,
A-001230,A,V002301,
A-001231,A,V002302,
B-001236,B,V002302,
C-001221,C,V002302,
A-001232,A,V002303,
B-001237,B,V002303,
C-001222,C,V002303,
A-001233,A,V002304,
B-001238,B,V002304,
A-001234,A,V002305,
B-001239,B,V002305,
A-001235,A,V002306,
B-001240,B,V002306,
C-001223,C,V002306,
A-001236,A,V002307,
C-001224,C,V002308,
B-001241,B,V002308,
B-001242,B,V002309,
C-001225,C,V002310,
B-001243,B,V002311,
A-001237,A,V002312,
B-001244,B,V002313,CG0044
C-001226,C,V002314,
B-001245,B,V002315,
C-001227,C,V002316,
B-001246,B,V002317,
C-001228,C,V002317,
A-001238,A,V002318,
C-001229,C,V002318,
A-001239,A,V002319,
C-001230,C,V002319,
C-001231,C,V002320,
B-001247,B,V002320,
C-001232,C,V002321,
C-001233,C,V002322,
A-001240,A,V002322,
C-001234,C,V002323,
A-001241,A,V002323,
B-001248,B,V002324,
A-001242,A,V002324,
B-001249,B,V002325,
A-001243,A,V002326,
C-001235,C,V002326,
A-001244,A,V002327,
B-001250,B,V002327,
C-001236,C,V002327,
A-001245,A,V002328,
B-001251,B,V002328,
C-001237,C,V002328,
B-001252,B,V002329,
C-001238,C,V002330,
C-001239,C,V002331,
B-001253,B,V002331,
B-001254,B,V002332,
C-001240,C,V002333,
B-001255,B,V002333,
C-001241,C,V002334,
B-001256,B,V002335,
A-001246,A,V002336,
B-001257,B,V002336,
A-001247,A,V002337,
B-001258,B,V002338,
C-001242,C,V002339,
B-001259,B,V002339,
C-001243,C,V002340,
A-001248,A,V002341,
B-001260,B,V002341,
C-001244,C,V002341,
B-001261,B,V002342,
C-001245,C,V002343,
A-001249,A,V002344,
C-001246,C,V002345,
B-001262,B,V002345,
C-001247,C,V002346,CG0019
C-001248,C,V002347,
B-001263,B,V002348,
B-001264,B,V002349,
C-001249,C,V002350,
C-001250,C,V002351,
A-001250,A,V002351,
B-001265,B,V002352,
C-001251,C,V002352,
A-001251,A,V002353,
B-001266,B,V002353,
A-001252,A,V002354,
A-001253,A,V002355,
C-001252,C,V002356,
A-001254,A,V002356,
C-001253,C,V002357,
A-001255,A,V002358,
A-001256,A,V002359,
C-001254,C,V002359,
A-001257,A,V002360,
B-001267,B,V002360,
C-001255,C,V002360,
B-001268,B,V002361,
A-001258,A,V002361,
A-001259,A,V002362,
C-001256,C,V002363,
C-001257,C,V002364,
B-001269,B,V002364,
C-001258,C,V002365,
A-001260,A,V002365,
A-001261,A,V002366,
C-001259,C,V002367,
A-001262,A,V002367,
C-001260,C,V002368,
A-001263,A,V002369,
A-001264,A,V002370,
B-001270,B,V002371,
A-001265,A,V002372,
B-001271,B,V002372,
A-001266,A,V002373,
B-001272,B,V002374,
A-001267,A,V002375,
B-001273,B,V002375,
C-001261,C,V002375,
C-001262,C,V002376,
B-001274,B,V002377,
B-001275,B,V002378,
A-001268,A,V002378,
A-001269,A,V002379,CG0031
A-001270,A,V002380,
B-001276,B,V002380,
C-001263,C,V002380,
C-001264,C,V002381,
A-001271,A,V002381,
B-001277,B,V002382,
A-001272,A,V002383,
B-001278,B,V002383,
C-001265,C,V002383,
C-001266,C,V002384,
A-001273,A,V002385,
C-001267,C,V002385,
B-001279,B,V002386,
A-001274,A,V002387,
B-001280,B,V002387,
C-001268,C,V002387,
A-001275,A,V002388,
C-001269,C,V002389,
A-001276,A,V002390,
B-001281,B,V002391,
A-001277,A,V002392,
A-001278,A,V002393,
C-001270,C,V002394,
A-001279,A,V002395,
B-001282,B,V002395,
A-001280,A,V002396,
A-001281,A,V002397,
B-001283,B,V002397,
C-001271,C,V002397,
C-001272,C,V002398,
B-001284,B,V002399,
C-001273,C,V002399,
B-001285,B,V002400,
A-001282,A,V002401,
B-001286,B,V002401,
C-001274,C,V002401,
A-001283,A,V002402,
C-001275,C,V002403,
B-001287,B,V002403,
A-001284,A,V002404,
B-001288,B,V002404,
C-001276,C,V002404,
C-001277,C,V002405,
A-001285,A,V002406,
A-001286,A,V002407,
B-001289,B,V002407,
C-001278,C,V002407,
B-001290,B,V002408,
C-001279,C,V002409,
B-001291,B,V002410,
C-001280,C,V002411,
B-001292,B,V002411,
C-001281,C,V002412,
C-001282,C,V002413,
B-001293,B,V002414,
A-001287,A,V002414,
A-001288,A,V002415,
B-001294,B,V002415,
C-001283,C,V002415,
A-001289,A,V002416,
B-001295,B,V002416,
C-001284,C,V002416,
B-001296,B,V002417,
C-001285,C,V002418,
A-001290,A,V002419,
B-001297,B,V002419,
C-001286,C,V002419,
B-001298,B,V002420,
A-001291,A,V002421,
B-001299,B,V002422,
A-001292,A,V002422,
A-001293,A,V002423,
B-001300,B,V002424,
B-001301,B,V002425,
B-001302,B,V002426,
C-001287,C,V002427,
B-001303,B,V002427,
C-001288,C,V002428,
A-001294,A,V002429,
C-001289,C,V002429,
C-001290,C,V002430,
A-001295,A,V002431,
B-001304,B,V002432,
C-001291,C,V002433,
A-001296,A,V002433,
C-001292,C,V002434,
B-001305,B,V002434,
B-001306,B,V002435,
C-001293,C,V002435,
A-001297,A,V002436,
C-001294,C,V002436,
B-001307,B,V002437,
B-001308,B,V002438,
A-001298,A,V002439,
C-001295,C,V002440,
B-001309,B,V002441,
A-001299,A,V002442,
C-001296,C,V002443,
C-001297,C,V002444,
A-001300,A,V002444,
A-001301,A,V002445,
B-001310,B,V002445,
C-001298,C,V002445,
B-001311,B,V002446,
C-001299,C,V002447,
A-001302,A,V002448,
B-001312,B,V002448,
C-001300,C,V002448,
C-001301,C,V002449,
B-001313,B,V002450,
B-001314,B,V002451,
B-001315,B,V002452,
C-001302,C,V002452,
B-001316,B,V002453,
A-001303,A,V002453,
B-001317,B,V002454,
C-001303,C,V002454,
B-001318,B,V002455,
C-001304,C,V002455,
B-001319,B,V002456,
C-001305,C,V002456,
A-001304,A,V002457,
B-001320,B,V002457,
A-001305,A,V002458,
B-001321,B,V002458,
C-001306,C,V002458,
A-001306,A,V002459,
A-001307,A,V002460,
B-001322,B,V002461,
A-001308,A,V002462,
B-001323,B,V002462,
C-001307,C,V002462,
A-001309,A,V002463,
C-001308,C,V002463,
C-001309,C,V002464,
A-001310,A,V002465,
B-001324,B,V002465,
C-001310,C,V002465,
C-001311,C,V002466,
A-001311,A,V002467,
B-001325,B,V002467,
C-001312,C,V002467,
A-001312,A,V002468,
B-001326,B,V002468,
C-001313,C,V002468,
A-001313,A,V002469,
B-001327,B,V002469,
C-001314,C,V002469,
A-001314,A,V002470,
B-001328,B,V002471,
B-001329,B,V002472,
B-001330,B,V002473,
C-001315,C,V002473,
A-001315,A,V002474,
B-001331,B,V002474,
B-001332,B,V002475,
A-001316,A,V002476,
B-001333,B,V002476,
C-001316,C,V002476,
B-001334,B,V002477,
C-001317,C,V002477,
C-001318,C,V002478,
A-001317,A,V002478,
C-001319,C,V002479,CG0023
B-001335,B,V002479,CG0023
A-001318,A,V002480,
B-001336,B,V002480,
C-001320,C,V002480,
C-001321,C,V002481,
A-001319,A,V002482,
B-001337,B,V002483,
B-001338,B,V002484,
A-001320,A,V002484,
C-001322,C,V002485,
A-001321,A,V002485,
A-001322,A,V002486,
B-001339,B,V002486,
A-001323,A,V002487,
B-001340,B,V002488,
C-001323,C,V002488,
A-001324,A,V002489,
C-001324,C,V002490,
C-001325,C,V002491,
B-001341,B,V002491,
B-001342,B,V002492,
C-001326,C,V002492,
C-001327,C,V002493,
A-001325,A,V002493,
A-001326,A,V002494,
B-001343,B,V002494,
C-001328,C,V002494,
B-001344,B,V002495,
B-001345,B,V002496,
A-001327,A,V002497,
B-001346,B,V002497,
C-001329,C,V002497,
B-001347,B,V002498,
B-001348,B,V002499,
C-001330,C,V002500,
C-001331,C,V002501,
A-001328,A,V002502,
B-001349,B,V002502,
A-001329,A,V002503,
B-001350,B,V002503,
C-001332,C,V002503,
A-001330,A,V002504,
C-001333,C,V002504,
A-001331,A,V002505,
B-001351,B,V002505,
C-001334,C,V002505,
A-001332,A,V002506,
C-001335,C,V002507,
B-001352,B,V002508,CG0013
C-001336,C,V002509,
B-001353,B,V002510,
B-001354,B,V002511,
C-001337,C,V002512,
B-001355,B,V002513,
A-001333,A,V002514,
B-001356,B,V002515,
B-001357,B,V002516,
A-001334,A,V002516,
B-001358,B,V002517,
B-001359,B,V002518,
B-001360,B,V002519,
A-001335,A,V002520,
C-001338,C,V002521,
A-001336,A,V002521,
A-001337,A,V002522,
B-001361,B,V002522,
C-001339,C,V002522,
A-001338,A,V002523,
A-001339,A,V002524,
B-001362,B,V002524,
C-001340,C,V002524,
A-001340,A,V002525,
C-001341,C,V002525,
B-001363,B,V002526,
C-001342,C,V002527,
B-001364,B,V002528,
C-001343,C,V002528,
A-001341,A,V002529,
C-001344,C,V002530,
B-001365,B,V002530,
A-001342,A,V002531,
B-001366,B,V002532,
C-001345,C,V002532,
B-001367,B,V002533,
A-001343,A,V002533,
C-001346,C,V002534,
A-001344,A,V002535,
B-001368,B,V002535,
C-001347,C,V002535,
C-001348,C,V002536,
B-001369,B,V002536,
A-001345,A,V002537,
B-001370,B,V002537,
C-001349,C,V002537,
A-001346,A,V002538,
B-001371,B,V002538,
A-001347,A,V002539,
C-001350,C,V002539,
B-001372,B,V002540,
A-001348,A,V002541,
B-001373,B,V002542,
C-001351,C,V002542,
B-001374,B,V002543,
A-001349,A,V002544,
B-001375,B,V002544,
C-001352,C,V002544,
A-001350,A,V002545,
B-001376,B,V002546,
A-001351,A,V002546,
A-001352,A,V002547,
A-001353,A,V002548,
C-001353,C,V002549,
B-001377,B,V002549,
C-001354,C,V002550,
A-001354,A,V002550,
A-001355,A,V002551,
C-001355,C,V002551,
C-001356,C,V002552,
B-001378,B,V002553,
C-001357,C,V002554,
B-001379,B,V002554,
B-001380,B,V002555,
C-001358,C,V002555,
B-001381,B,V002556,
B-001382,B,V002557,
A-001356,A,V002558,
B-001383,B,V002558,
C-001359,C,V002558,
C-001360,C,V002559,
B-001384,B,V002559,
C-001361,C,V002560,
C-001362,C,V002561,
B-001385,B,V002562,CG0014
A-001357,A,V002563,
B-001386,B,V002563,
C-001363,C,V002563,
A-001358,A,V002564,
B-001387,B,V002564,
A-001359,A,V002565,
C-001364,C,V002566,
B-001388,B,V002566,
C-001365,C,V002567,
B-001389,B,V002568,
B-001390,B,V002569,
C-001366,C,V002569,
A-001360,A,V002570,
B-001391,B,V002570,
C-001367,C,V002570,
A-001361,A,V002571,
B-001392,B,V002571,
C-001368,C,V002571,
C-001369,C,V002572,
B-001393,B,V002573,
B-001394,B,V002574,
A-001362,A,V002575,
B-001395,B,V002575,
C-001370,C,V002575,
A-001363,A,V002576,
C-001371,C,V002577,
C-001372,C,V002578,
A-001364,A,V002578,
B-001396,B,V002579,
B-001397,B,V002580,
C-001373,C,V002580,
A-001365,A,V002581,
C-001374,C,V002582,
C-001375,C,V002583,
B-001398,B,V002584,
C-001376,C,V002585,
A-001366,A,V002585,
B-001399,B,V002586,
B-001400,B,V002587,
A-001367,A,V002588,
C-001377,C,V002589,
B-001401,B,V002590,
B-001402,B,V002591,
A-001368,A,V002592,
A-001369,A,V002593,
B-001403,B,V002594,
C-001378,C,V002595,
A-001370,A,V002595,
A-001371,A,V002596,
B-001404,B,V002596,
C-001379,C,V002596,
A-001372,A,V002597,
C-001380,C,V002597,
A-001373,A,V002598,
A-001374,A,V002599,
B-001405,B,V002600,
C-001381,C,V002601,
B-001406,B,V002602,
C-001382,C,V002602,
A-001375,A,V002603,
B-001407,B,V002603,
C-001383,C,V002603,
B-001408,B,V002604,
A-001376,A,V002605,
B-001409,B,V002605,
C-001384,C,V002605,
A-001377,A,V002606,
B-001410,B,V002606,
B-001411,B,V002607,
A-001378,A,V002607,
A-001379,A,V002608,
B-001412,B,V002608,
C-001385,C,V002609,
B-001413,B,V002610,
C-001386,C,V002611,
A-001380,A,V002612,
B-001414,B,V002612,
C-001387,C,V002612,
A-001381,A,V002613,
B-001415,B,V002614,
C-001388,C,V002615,
B-001416,B,V002616,
C-001389,C,V002617,
B-001417,B,V002618,
C-001390,C,V002618,
B-001418,B,V002619,
A-001382,A,V002620,
B-001419,B,V002620,
C-001391,C,V002620,
C-001392,C,V002621,
B-001420,B,V002622,
A-001383,A,V002623,
B-001421,B,V002624,
A-001384,A,V002624,
B-001422,B,V002625,
A-001385,A,V002625,
C-001393,C,V002626,
B-001423,B,V002626,
B-001424,B,V002627,
C-001394,C,V002628,
C-001395,C,V002629,
A-001386,A,V002630,
B-001425,B,V002631,
C-001396,C,V002632,
A-001387,A,V002632,
A-001388,A,V002633,
C-001397,C,V002634,
B-001426,B,V002634,
A-001389,A,V002635,
C-001398,C,V002635,
C-001399,C,V002636,
A-001390,A,V002636,
C-001400,C,V002637,
A-001391,A,V002637,
B-001427,B,V002638,
A-001392,A,V002638,
C-001401,C,V002639,
A-001393,A,V002640,
B-001428,B,V002640,
C-001402,C,V002641,
A-001394,A,V002641,
C-001403,C,V002642,
A-001395,A,V002642,
A-001396,A,V002643,
A-001397,A,V002644,
A-001398,A,V002645,
B-001429,B,V002646,
C-001404,C,V002647,
A-001399,A,V002648,
A-001400,A,V002649,
B-001430,B,V002649,
C-001405,C,V002649,
B-001431,B,V002650,
A-001401,A,V002651,
B-001432,B,V002651,
C-001406,C,V002651,
C-001407,C,V002652,
B-001433,B,V002652,
C-001408,C,V002653,
B-001434,B,V002653,
A-001402,A,V002654,
B-001435,B,V002654,
C-001409,C,V002654,
B-001436,B,V002655,
A-001403,A,V002655,
A-001404,A,V002656,
C-001410,C,V002656,
C-001411,C,V002657,
A-001405,A,V002657,
C-001412,C,V002658,
A-001406,A,V002659,
B-001437,B,V002659,
B-001438,B,V002660,
C-001413,C,V002661,
B-001439,B,V002661,
B-001440,B,V002662,
C-001414,C,V002663,
B-001441,B,V002664,
C-001415,C,V002664,
A-001407,A,V002665,
C-001416,C,V002665,
A-001408,A,V002666,
A-001409,A,V002667,
B-001442,B,V002667,
C-001417,C,V002668,
A-001410,A,V002669,
B-001443,B,V002669,
C-001418,C,V002669,
A-001411,A,V002670,
B-001444,B,V002670,
A-001412,A,V002671,
B-001445,B,V002671,
C-001419,C,V002671,
C-001420,C,V002672,CG0029
A-001413,A,V002673,
A-001414,A,V002674,
B-001446,B,V002674,
C-001421,C,V002674,
C-001422,C,V002675,
C-001423,C,V002676,
C-001424,C,V002677,
C-001425,C,V002678,
C-001426,C,V002679,
B-001447,B,V002680,
C-001427,C,V002680,
A-001415,A,V002681,
B-001448,B,V002681,
C-001428,C,V002682,
B-001449,B,V002682,
A-001416,A,V002683,
B-001450,B,V002683,
C-001429,C,V002683,
C-001430,C,V002684,
B-001451,B,V002685,
A-001417,A,V002686,
B-001452,B,V002686,
B-001453,B,V002687,CG0043
C-001431,C,V002688,
B-001454,B,V002688,
B-001455,B,V002689,
A-001418,A,V002689,
C-001432,C,V002690,CG0006
A-001419,A,V002691,
B-001456,B,V002692,
C-001433,C,V002692,
A-001420,A,V002693,
A-001421,A,V002694,
B-001457,B,V002694,
C-001434,C,V002694,
C-001435,C,V002695,
A-001422,A,V002695,
A-001423,A,V002696,
B-001458,B,V002697,
C-001436,C,V002697,
A-001424,A,V002698,
B-001459,B,V002698,
C-001437,C,V002698,
B-001460,B,V002699,
C-001438,C,V002700,
B-001461,B,V002701,
A-001425,A,V002702,
C-001439,C,V002702,
C-001440,C,V002703,
A-001426,A,V002704,
A-001427,A,V002705,
B-001462,B,V002705,
C-001441,C,V002705,
A-001428,A,V002706,
C-001442,C,V002706,
B-001463,B,V002707,
A-001429,A,V002708,
C-001443,C,V002708,
B-001464,B,V002709,
A-001430,A,V002709,
A-001431,A,V002710,
C-001444,C,V002711,
A-001432,A,V002711,
A-001433,A,V002712,
A-001434,A,V002713,
B-001465,B,V002713,
C-001445,C,V002713,
B-001466,B,V002714,
A-001435,A,V002715,
B-001467,B,V002715,
C-001446,C,V002716,
A-001436,A,V002717,
B-001468,B,V002717,
C-001447,C,V002717,
C-001448,C,V002718,
B-001469,B,V002718,
A-001437,A,V002719,
B-001470,B,V002720,
C-001449,C,V002720,
C-001450,C,V002721,
A-001438,A,V002722,
B-001471,B,V002722,
C-001451,C,V002722,
B-001472,B,V002723,
C-001452,C,V002723,
A-001439,A,V002724,
C-001453,C,V002724,
C-001454,C,V002725,
A-001440,A,V002726,
A-001441,A,V002727,
B-001473,B,V002728,
A-001442,A,V002728,
B-001474,B,V002729,
A-001443,A,V002730,
B-001475,B,V002730,
C-001455,C,V002730,
C-001456,C,V002731,
A-001444,A,V002732,
A-001445,A,V002733,
B-001476,B,V002733,
C-001457,C,V002733,
C-001458,C,V002734,
C-001459,C,V002735,
A-001446,A,V002736,
B-001477,B,V002736,
C-001460,C,V002736,
B-001478,B,V002737,
C-001461,C,V002738,
A-001447,A,V002738,
B-001479,B,V002739,
A-001448,A,V002739,
B-001480,B,V002740,
B-001481,B,V002741,
A-001449,A,V002742,
B-001482,B,V002742,
C-001462,C,V002742,
A-001450,A,V002743,
C-001463,C,V002744,
C-001464,C,V002745,
A-001451,A,V002746,
B-001483,B,V002746,
C-001465,C,V002746,
B-001484,B,V002747,
C-001466,C,V002748,
A-001452,A,V002749,
B-001485,B,V002749,
C-001467,C,V002749,
A-001453,A,V002750,
B-001486,B,V002750,
A-001454,A,V002751,
B-001487,B,V002751,
C-001468,C,V002751,
A-001455,A,V002752,
B-001488,B,V002752,
C-001469,C,V002752,
C-001470,C,V002753,
A-001456,A,V002753,
A-001457,A,V002754,
B-001489,B,V002754,
C-001471,C,V002754,
A-001458,A,V002755,
A-001459,A,V002756,
B-001490,B,V002757,
C-001472,C,V002758,
B-001491,B,V002759,
A-001460,A,V002760,
A-001461,A,V002761,
A-001462,A,V002762,
B-001492,B,V002763,
C-001473,C,V002764,
A-001463,A,V002764,
A-001464,A,V002765,
B-001493,B,V002765,
C-001474,C,V002766,
A-001465,A,V002766,
B-001494,B,V002767,
A-001466,A,V002768,
C-001475,C,V002769,
A-001467,A,V002770,
B-001495,B,V002770,
C-001476,C,V002770,
A-001468,A,V002771,
A-001469,A,V002772,
A-001470,A,V002773,
A-001471,A,V002774,
B-001496,B,V002774,
C-001477,C,V002775,
A-001472,A,V002775,
A-001473,A,V002776,
B-001497,B,V002776,
C-001478,C,V002776,
C-001479,C,V002777,CG0012
A-001474,A,V002778,
A-001475,A,V002779,
B-001498,B,V002780,
B-001499,B,V002781,
A-001476,A,V002782,
B-001500,B,V002782,
B-001501,B,V002783,
A-001477,A,V002784,
A-001478,A,V002785,
B-001502,B,V002785,
A-001479,A,V002786,
B-001503,B,V002786,
C-001480,C,V002786,
C-001481,C,V002787,
B-001504,B,V002788,
A-001480,A,V002788,
B-001505,B,V002789,
A-001481,A,V002790,
B-001506,B,V002790,
C-001482,C,V002790,
B-001507,B,V002791,
A-001482,A,V002791,
B-001508,B,V002792,
C-001483,C,V002793,
A-001483,A,V002794,
B-001509,B,V002795,
C-001484,C,V002796,
B-001510,B,V002796,
A-001484,A,V002797,
A-001485,A,V002798,
B-001511,B,V002798,
C-001485,C,V002798,
C-001486,C,V002799,
A-001486,A,V002799,
C-001487,C,V002800,
B-001512,B,V002801,CG0033
A-001487,A,V002802,
C-001488,C,V002802,
A-001488,A,V002803,
B-001513,B,V002803,
C-001489,C,V002803,
C-001490,C,V002804,
B-001514,B,V002804,
A-001489,A,V002805,
B-001515,B,V002805,
C-001491,C,V002805,
A-001490,A,V002806,
C-001492,C,V002807,
A-001491,A,V002808,
C-001493,C,V002809,
A-001492,A,V002810,
A-001493,A,V002811,CG0015
B-001516,B,V002811,CG0015
C-001494,C,V002811,CG0015
A-001494,A,V002812,
B-001517,B,V002813,
B-001518,B,V002814,
C-001495,C,V002815,
C-001496,C,V002816,
A-001495,A,V002817,
B-001519,B,V002817,
A-001496,A,V002818,
B-001520,B,V002818,
C-001497,C,V002818,
A-001497,A,V002819,
B-001521,B,V002819,
C-001498,C,V002819,
C-001499,C,V002820,CG0037
A-001498,A,V002820,CG0037
B-001522,B,V002821,
C-001500,C,V002821,
A-001499,A,V002822,
B-001523,B,V002822,
C-001501,C,V002822,
C-001502,C,V002823,
A-001500,A,V002823,
C-001503,C,V002824,
B-001524,B,V002824,
A-001501,A,V002825,
B-001525,B,V002825,
C-001504,C,V002825,
A-001502,A,V002826,
B-001526,B,V002826,
C-001505,C,V002826,
C-001506,C,V002827,
C-001507,C,V002828,
C-001508,C,V002829,
B-001527,B,V002829,
B-001528,B,V002830,
A-001503,A,V002831,
A-001504,A,V002832,
C-001509,C,V002833,
A-001505,A,V002834,
B-001529,B,V002834,
C-001510,C,V002834,
A-001506,A,V002835,
B-001530,B,V002836,
C-001511,C,V002836,
A-001507,A,V002837,
B-001531,B,V002837,
C-001512,C,V002838,
C-001513,C,V002839,
C-001514,C,V002840,
A-001508,A,V002840,
C-001515,C,V002841,
B-001532,B,V002842,
A-001509,A,V002842,
A-001510,A,V002843,
B-001533,B,V002844,
B-001534,B,V002845,
C-001516,C,V002846,
A-001511,A,V002847,
A-001512,A,V002848,
B-001535,B,V002848,
A-001513,A,V002849,
B-001536,B,V002849,
C-001517,C,V002849,
A-001514,A,V002850,
B-001537,B,V002850,
B-001538,B,V002851,
B-001539,B,V002852,
C-001518,C,V002853,
C-001519,C,V002854,
A-001515,A,V002855,
C-001520,C,V002855,
A-001516,A,V002856,
B-001540,B,V002856,
A-001517,A,V002857,
C-001521,C,V002857,
C-001522,C,V002858,
A-001518,A,V002859,
B-001541,B,V002859,
C-001523,C,V002859,
A-001519,A,V002860,
B-001542,B,V002860,
C-001524,C,V002860,
B-001543,B,V002861,
A-001520,A,V002862,
B-001544,B,V002863,
A-001521,A,V002863,
B-001545,B,V002864,
A-001522,A,V002865,
B-001546,B,V002866,
C-001525,C,V002867,
B-001547,B,V002867,
B-001548,B,V002868,
A-001523,A,V002869,
B-001549,B,V002869,
C-001526,C,V002869,
B-001550,B,V002870,
B-001551,B,V002871,
C-001527,C,V002871,
A-001524,A,V002872,
B-001552,B,V002872,
C-001528,C,V002872,
A-001525,A,V002873,
B-001553,B,V002873,
C-001529,C,V002873,
B-001554,B,V002874,
A-001526,A,V002875,
B-001555,B,V002875,
A-001527,A,V002876,
A-001528,A,V002877,
B-001556,B,V002877,
C-001530,C,V002877,
C-001531,C,V002878,
B-001557,B,V002879,
C-001532,C,V002880,
C-001533,C,V002881,
A-001529,A,V002882,
B-001558,B,V002882,
A-001530,A,V002883,
C-001534,C,V002883,
C-001535,C,V002884,
A-001531,A,V002885,
A-001532,A,V002886,
B-001559,B,V002886,
C-001536,C,V002886,
A-001533,A,V002887,
B-001560,B,V002887,
C-001537,C,V002887,
C-001538,C,V002888,CG0038
B-001561,B,V002888,CG0038
A-001534,A,V002889,
C-001539,C,V002890,
A-001535,A,V002890,
C-001540,C,V002891,
B-001562,B,V002891,
A-001536,A,V002892,
B-001563,B,V002893,
A-001537,A,V002893,
B-001564,B,V002894,
B-001565,B,V002895,
A-001538,A,V002896,
C-001541,C,V002896,
B-001566,B,V002897,
B-001567,B,V002898,
A-001539,A,V002899,
B-001568,B,V002899,
C-001542,C,V002900,
A-001540,A,V002900,
B-001569,B,V002901,
A-001541,A,V002902,
A-001542,A,V002903,
B-001570,B,V002903,
C-001543,C,V002903,
B-001571,B,V002904,
C-001544,C,V002905,
A-001543,A,V002905,
B-001572,B,V002906,
C-001545,C,V002906,
A-001544,A,V002907,
C-001546,C,V002908,
A-001545,A,V002909,
B-001573,B,V002909,
C-001547,C,V002909,
C-001548,C,V002910,
A-001546,A,V002910,
A-001547,A,V002911,
B-001574,B,V002911,
C-001549,C,V002911,
A-001548,A,V002912,
B-001575,B,V002912,
C-001550,C,V002912,
A-001549,A,V002913,
C-001551,C,V002914,
B-001576,B,V002915,
A-001550,A,V002915,
A-001551,A,V002916,
A-001552,A,V002917,
C-001552,C,V002917,
A-001553,A,V002918,
B-001577,B,V002918,
C-001553,C,V002918,
C-001554,C,V002919,
A-001554,A,V002920,
B-001578,B,V002920,
C-001555,C,V002920,
A-001555,A,V002921,
B-001579,B,V002921,
C-001556,C,V002921,
B-001580,B,V002922,
A-001556,A,V002923,
B-001581,B,V002923,
B-001582,B,V002924,
C-001557,C,V002925,
A-001557,A,V002925,
A-001558,A,V002926,
B-001583,B,V002926,
C-001558,C,V002926,
C-001559,C,V002927,
A-001559,A,V002928,
B-001584,B,V002928,
C-001560,C,V002928,
A-001560,A,V002929,
B-001585,B,V002929,
C-001561,C,V002929,
A-001561,A,V002930,
B-001586,B,V002930,
C-001562,C,V002930,
C-001563,C,V002931,
B-001587,B,V002931,
B-001588,B,V002932,
C-001564,C,V002933,
A-001562,A,V002933,
C-001565,C,V002934,
A-001563,A,V002934,
A-001564,A,V002935,
B-001589,B,V002936,
C-001566,C,V002936,
B-001590,B,V002937,
C-001567,C,V002938,
A-001565,A,V002939,
C-001568,C,V002939,
B-001591,B,V002940,
C-001569,C,V002941,
A-001566,A,V002942,
B-001592,B,V002942,
C-001570,C,V002942,
B-001593,B,V002943,
C-001571,C,V002943,
B-001594,B,V002944,
A-001567,A,V002945,
C-001572,C,V002945,
C-001573,C,V002946,CG0050
A-001568,A,V002946,CG0050
B-001595,B,V002947,
C-001574,C,V002948,
B-001596,B,V002948,
B-001597,B,V002949,
B-001598,B,V002950,
B-001599,B,V002951,
A-001569,A,V002952,
B-001600,B,V002953,
A-001570,A,V002954,
B-001601,B,V002954,
C-001575,C,V002954,
A-001571,A,V002955,
B-001602,B,V002955,
A-001572,A,V002956,
C-001576,C,V002957,
A-001573,A,V002957,
A-001574,A,V002958,
A-001575,A,V002959,
B-001603,B,V002959,
C-001577,C,V002959,
A-001576,A,V002960,
A-001577,A,V002961,
B-001604,B,V002962,
A-001578,A,V002963,
B-001605,B,V002963,
C-001578,C,V002963,
C-001579,C,V002964,
B-001606,B,V002964,
B-001607,B,V002965,
A-001579,A,V002966,
A-001580,A,V002967,
B-001608,B,V002967,
A-001581,A,V002968,
B-001609,B,V002968,
C-001580,C,V002968,
A-001582,A,V002969,
A-001583,A,V002970,
B-001610,B,V002970,
C-001581,C,V002970,
A-001584,A,V002971,
B-001611,B,V002971,
C-001582,C,V002971,
A-001585,A,V002972,
B-001612,B,V002972,
C-001583,C,V002973,
A-001586,A,V002973,
B-001613,B,V002974,
A-001587,A,V002974,
B-001614,B,V002975,
C-001584,C,V002976,
A-001588,A,V002977,
B-001615,B,V002978,CG0054
A-001589,A,V002978,CG0054
C-001585,C,V002979,
B-001616,B,V002980,
A-001590,A,V002980,
C-001586,C,V002981,
A-001591,A,V002981,
A-001592,A,V002982,
B-001617,B,V002982,
C-001587,C,V002982,
A-001593,A,V002983,
C-001588,C,V002983,
A-001594,A,V002984,
C-001589,C,V002984,
A-001595,A,V002985,
A-001596,A,V002986,
B-001618,B,V002987,
A-001597,A,V002987,
A-001598,A,V002988,
A-001599,A,V002989,CG0009
B-001619,B,V002989,CG0009
C-001590,C,V002989,CG0009
A-001600,A,V002990,
B-001620,B,V002990,
C-001591,C,V002990,
A-001601,A,V002991,
B-001621,B,V002991,
C-001592,C,V002992,
C-001593,C,V002993,
A-001602,A,V002993,
C-001594,C,V002994,
B-001622,B,V002995,
A-001603,A,V002996,
B-001623,B,V002996,
C-001595,C,V002997,
A-001604,A,V002998,
B-001624,B,V002998,
C-001596,C,V002998,
A-001605,A,V002999,
B-001625,B,V002999,
C-001597,C,V002999,
B-001626,B,V003000,CG0000
C-001598,C,V003000,CG0000
C-001599,C,V003001,CG0001
B-001627,B,V003002,CG0002
B-001628,B,V003003,CG0003
A-001606,A,V003004,CG0004
A-001607,A,V003005,CG0005
B-001629,B,V003005,CG0005
C-001600,C,V003005,CG0005
A-001608,A,V003006,CG0006
B-001630,B,V003006,CG0006
C-001601,C,V003006,CG0006
B-001631,B,V003007,CG0007
C-001602,C,V003007,CG0007
C-001603,C,V003008,CG0008
A-001609,A,V003009,CG0009
B-001632,B,V003010,CG0010
B-001633,B,V003011,CG0011
C-001604,C,V003011,CG0011
B-001634,B,V003012,CG0012
C-001605,C,V003012,CG0012
C-001606,C,V003013,CG0013
A-001610,A,V003013,CG0013
B-001635,B,V003014,CG0014
B-001636,B,V003015,CG0015
B-001637,B,V003016,CG0016
B-001638,B,V003017,CG0017
B-001639,B,V003018,CG0018
B-001640,B,V003019,CG0019
A-001611,A,V003020,CG0020
B-001641,B,V003020,CG0020
C-001607,C,V003020,CG0020
C-001608,C,V003021,CG0021
C-001609,C,V003022,CG0022
B-001642,B,V003023,CG0023
C-001610,C,V003023,CG0023
C-001611,C,V003024,CG0024
A-001612,A,V003025,CG0025
B-001643,B,V003025,CG0025
C-001612,C,V003025,CG0025
C-001613,C,V003026,CG0026
C-001614,C,V003027,CG0027
A-001613,A,V003028,CG0028
C-001615,C,V003028,CG0028
A-001614,A,V003029,CG0029
B-001644,B,V003029,CG0029
C-001616,C,V003029,CG0029
B-001645,B,V003030,CG0030
C-001617,C,V003031,CG0031
B-001646,B,V003032,CG0032
C-001618,C,V003033,CG0033
A-001615,A,V003033,CG0033
C-001619,C,V003034,CG0034
A-001616,A,V003034,CG0034
A-001617,A,V003035,CG0035
A-001618,A,V003036,CG0036
B-001647,B,V003036,CG0036
C-001620,C,V003036,CG0036
B-001648,B,V003037,CG0037
A-001619,A,V003037,CG0037
A-001620,A,V003038,CG0038
A-001621,A,V003039,CG0039
B-001649,B,V003039,CG0039
C-001621,C,V003039,CG0039
A-001622,A,V003040,CG0040
A-001623,A,V003041,CG0041
C-001622,C,V003041,CG0041
A-001624,A,V003042,CG0042
C-001623,C,V003043,CG0043
A-001625,A,V003043,CG0043
B-001650,B,V003044,CG0044
B-001651,B,V003045,CG0045
A-001626,A,V003046,CG0046
C-001624,C,V003047,CG0047
A-001627,A,V003047,CG0047
C-001625,C,V003048,CG0048
B-001652,B,V003049,CG0049
A-001628,A,V003050,CG0050
B-001653,B,V003050,CG0050
A-001629,A,V003051,CG0051
B-001654,B,V003051,CG0051
C-001626,C,V003051,CG0051
C-001627,C,V003052,CG0052
C-001628,C,V003053,CG0053
B-001655,B,V003053,CG0053
C-001629,C,V003054,CG0054
C-001630,C,V003055,CG0055
A-001630,A,V003055,CG0055
C-001631,C,V003056,CG0056
A-001631,A,V003057,CG0057
B-001656,B,V003057,CG0057
B-001657,B,V003058,CG0058
A-001632,A,V003058,CG0058
B-001658,B,V003059,CG0059
